{"stat.leaveGame":13,"stat.useItem.harvestcraft.amaranthitem":25,"stat.entityKilledBy.techguns.ZombieMiner":2,"stat.craftItem.minecraft.iron_axe":1,"stat.pickup.srparasites.parasitecanister":1,"stat.drop.quark.glass_shards":3,"stat.useItem.minecraft.planks":12,"stat.pickup.firstaid.bandage":16,"stat.pickup.minecraft.porkchop":3,"stat.pickup.minecraft.glass":5,"stat.pickup.harvestcraft.calamarirawitem":2,"stat.useItem.minecraft.water_bucket":1,"stat.useItem.harvestcraft.calamarirawitem":2,"stat.pickup.minecraft.rotten_flesh":2,"stat.drop.minecraft.poisonous_potato":1,"stat.pickup.minecraft.sand":585,"stat.craftItem.minecraft.stone_axe":1,"stat.pickup.hammerx.item.hammer":1,"stat.pickup.minecraft.bucket":6,"stat.pickup.harvestcraft.wintersquashitem":17,"stat.entityKilledBy.techguns.ZombieSoldier":3,"stat.mineBlock.fossil.iced_stone":2,"stat.craftItem.minecraft.stone_sword":1,"stat.mineBlock.minecraft.snow_layer":2,"stat.useItem.minecraft.ender_pearl":1,"stat.mineBlock.minecraft.sand":588,"stat.pickup.iceandfire.ash":2,"stat.killEntity.Witch":1,"stat.pickup.quark.marble":1,"stat.killEntity.techguns.ZombieFarmer":4,"stat.pickup.quark.tallow":3,"stat.useItem.minecraft.iron_pickaxe":50,"stat.craftItem.minecraft.wooden_pickaxe":1,"stat.pickup.harvestcraft.onionitem":8,"stat.pickup.fossil.volcanic_rock":4,"stat.pickup.techguns.basicore":2,"stat.furnaceInteraction":41,"stat.pickup.harvestcraft.cornitem":18,"stat.mineBlock.futuremc.cornflower":2,"stat.pickup.srparasites.lurecomponent1":4,"stat.mineBlock.harvestcraft.windygarden":121,"stat.pickup.techguns.t1_scout_chestplate":1,"stat.pickup.minecraft.iron_chestplate":4,"stat.pickup.tombstone.magic_scroll":2,"stat.pickup.mca.rose_gold_ore":1,"stat.mineBlock.iceandfire.ash":2,"stat.entityKilledBy.mutantbeasts.mutant_skeleton":1,"stat.useItem.minecraft.wheat_seeds":22,"stat.deaths":44,"stat.drop.harvestcraft.artichokeitem":1,"stat.playOneMinute":208148,"stat.craftItem.minecraft.iron_pickaxe":1,"stat.useItem.overlast.dumpling":3,"stat.entityKilledBy.techguns.ZombiePigmanSoldier":1,"stat.mineBlock.minecraft.tallgrass":114,"stat.chestOpened":46,"stat.useItem.minecraft.fish":2,"stat.pickup.minecraft.arrow":11,"stat.pickup.minecraft.iron_sword":1,"stat.pickup.harvestcraft.chilipepperitem":22,"stat.craftItem.minecraft.iron_hoe":1,"stat.fallOneCm":45132,"stat.drop.minecraft.dye":2,"stat.pickup.minecraft.carrot":26,"stat.pickup.mutantbeasts.mutant_skeleton_skull":1,"stat.drop.minecraft.stone_sword":1,"stat.crouchOneCm":13768,"stat.useItem.harvestcraft.chilipepperitem":3,"stat.entityKilledBy.techguns.Bandit":3,"stat.craftItem.minecraft.iron_ingot":62,"stat.craftItem.minecraft.chest":9,"stat.drop.minecraft.book":1,"stat.useItem.harvestcraft.bellpepperitem":2,"stat.entityKilledBy.techguns.CyberDemon":2,"stat.useItem.minecraft.iron_hoe":37,"stat.craftingTableInteraction":23,"stat.pickup.iceandfire.silver_ore":2,"stat.mineBlock.fossil.figurine":1,"stat.killEntity.techguns.ZombieMiner":3,"stat.useItem.minecraft.reeds":10,"stat.pickup.minecraft.dye":6,"stat.pickup.minecraft.planks":13,"stat.useItem.harvestcraft.lettuceitem":4,"stat.pickup.minecraft.iron_leggings":2,"stat.pickup.minecraft.wheat_seeds":42,"stat.pickup.techguns.t1_miner_chestplate":1,"stat.useItem.minecraft.stone_pickaxe":7,"stat.mineBlock.minecraft.glass":1,"stat.craftItem.minecraft.iron_leggings":1,"stat.useItem.minecraft.stone_sword":24,"stat.mineBlock.fossil.volcanic_rock":2,"stat.mineBlock.minecraft.dirt":178,"stat.useItem.minecraft.bread":4,"stat.useItem.minecraft.torch":11,"stat.mineBlock.iceandfire.silver_ore":2,"stat.pickup.minecraft.crafting_table":4,"stat.useItem.minecraft.log":8,"stat.useItem.minecraft.cobblestone":49,"stat.mineBlock.techguns.basicore":1,"stat.craftItem.minecraft.crafting_table":4,"stat.mineBlock.minecraft.double_plant":3,"stat.pickup.minecraft.log":357,"stat.pickup.futuremc.smooth_stone":35,"stat.pickup.minecraft.iron_pickaxe":2,"stat.pickup.usefulbackpacks.backpack":2,"stat.pickup.minecraft.sapling":185,"stat.pickup.minecraft.apple":25,"stat.mineBlock.overlast.red_leaves":1,"stat.pickup.harvestcraft.parsnipitem":19,"stat.craftItem.minecraft.bucket":1,"stat.craftItem.minecraft.planks":76,"stat.useItem.minecraft.iron_sword":17,"stat.pickup.futuremc.cornflower":2,"stat.useItem.harvestcraft.artichokeitem":11,"stat.pickup.minecraft.book":1,"stat.mineBlock.minecraft.log":325,"stat.useItem.harvestcraft.elderberryitem":2,"stat.pickup.minecraft.red_flower":3,"stat.sneakTime":3900,"stat.useItem.minecraft.baked_potato":4,"stat.pickup.minecraft.yellow_flower":2,"stat.pickup.minecraft.bone":37,"stat.horseOneCm":2279,"stat.useItem.minecraft.iron_axe":206,"stat.mineBlock.minecraft.cobblestone":13,"stat.mineBlock.minecraft.yellow_flower":2,"stat.craftItem.tombstone.grave_key":1,"stat.mineBlock.srparasites.gore":8,"stat.pickup.fossil.figurine":1,"stat.swimOneCm":97883,"stat.pickup.quark.glass_shards":17,"stat.pickup.harvestcraft.artichokeitem":24,"stat.killEntity.techguns.ZombieSoldier":3,"stat.useItem.harvestcraft.strawberryitem":15,"stat.pickup.nocubessrparmory.pestilentarmorbody":1,"stat.useItem.minecraft.dirt":416,"stat.useItem.minecraft.stone_slab2":59,"stat.useItem.harvestcraft.barleyitem":3,"stat.pickup.minecraft.iron_boots":2,"stat.pickup.mutantbeasts.mutant_skeleton_leggings":1,"stat.mineBlock.fossil.permafrost":2,"stat.craftItem.minecraft.stone_pickaxe":1,"stat.pickup.minecraft.cobblestone":51,"stat.useItem.minecraft.stone_shovel":1,"stat.flyOneCm":616132,"stat.mineBlock.overlast.blue_leaves":3,"stat.pickup.minecraft.fish":2,"stat.drop.minecraft.wheat_seeds":2,"stat.mineBlock.minecraft.iron_ore":8,"stat.timeSinceDeath":9538,"stat.useItem.harvestcraft.peanutitem":6,"stat.pickup.minecraft.mossy_cobblestone":2,"stat.useItem.iceandfire.ash":1,"stat.useItem.minecraft.potato":44,"stat.pickup.minecraft.iron_shovel":2,"stat.pickup.minecraft.diamond_shovel":2,"stat.pickup.minecraft.shield":1,"stat.talkedToVillager":9,"stat.pickup.techguns.t1_combat_helmet":2,"stat.pickup.minecraft.string":19,"stat.pickup.tombstone.crafting_ingredient":1,"stat.entityKilledBy.Skeleton":1,"stat.craftItem.minecraft.stone_slab2":0,"stat.useItem.harvestcraft.cucumberitem":1,"stat.killEntity.Squid":1,"stat.sprintOneCm":739549,"stat.useItem.minecraft.diamond_shovel":753,"stat.craftItem.minecraft.stick":16,"stat.useItem.tombstone.magic_scroll":2,"stat.useItem.minecraft.snowball":3,"stat.pickup.harvestcraft.barleyitem":28,"stat.pickup.techguns.t1_miner_leggings":2,"stat.pickup.minecraft.grass":128,"stat.mineBlock.minecraft.crafting_table":3,"stat.pickup.fossil.relic_scrap":2,"stat.useItem.minecraft.carrot":18,"stat.pickup.mutantbeasts.mutant_skeleton_boots":1,"stat.useItem.minecraft.wheat":14,"stat.pickup.overlast.dumpling":96,"stat.mineBlock.quark.marble":1,"stat.pickup.harvestcraft.mustardseedsitem":19,"stat.mineBlock.minecraft.planks":5,"stat.drop":27,"stat.pickup.harvestcraft.flaxitem":22,"stat.drop.tombstone.grave_key":4,"stat.pickup.tombstone.grave_key":2,"stat.pickup.minecraft.slime_ball":3,"stat.pickup.minecraft.snowball":7,"stat.diveOneCm":81876,"stat.pickup.minecraft.wheat":42,"stat.pickup.fossil.stone_tablet":1,"stat.mineBlock.minecraft.mossy_cobblestone":2,"stat.drop.harvestcraft.cornitem":4,"stat.useItem.minecraft.apple":3,"stat.useItem.minecraft.porkchop":1,"stat.useItem.minecraft.rotten_flesh":1,"stat.jump":3456,"stat.useItem.minecraft.sand":5,"stat.pickup.minecraft.iron_helmet":2,"stat.pickup.minecraft.coal":16,"stat.pickup.minecraft.iron_ingot":33,"stat.mineBlock.fossil.fossil":1,"stat.useItem.minecraft.stone_axe":38,"stat.pickup.minecraft.gunpowder":16,"stat.pickup.harvestcraft.peanutitem":13,"stat.pickup.minecraft.spider_eye":1,"stat.craftItem.minecraft.torch":12,"stat.pickup.minecraft.dirt":304,"stat.craftItem.minecraft.iron_helmet":1,"stat.pickup.harvestcraft.bellpepperitem":15,"stat.pickup.minecraft.iron_ore":8,"stat.useItem.minecraft.glass":18,"stat.mineBlock.mca.rose_gold_ore":2,"stat.pickup.minecraft.stone_shovel":1,"stat.useItem.minecraft.sapling":145,"stat.entityKilledBy.techguns.SkeletonSoldier":1,"stat.pickup.minecraft.iron_axe":1,"stat.damageTaken":12302,"stat.mineBlock.minecraft.torch":1,"stat.useItem.minecraft.wooden_pickaxe":4,"stat.mineBlock.minecraft.sapling":1,"stat.pickup.srparasites.assimilated_flesh":1,"stat.useItem.harvestcraft.mustardseedsitem":2,"stat.pickup.minecraft.reeds":13,"stat.pickup.minecraft.bed":1,"tombstone:undead_killed":10,"stat.useItem.tombstone.grave_key":45,"stat.pickup.minecraft.potato":58,"stat.damageDealt":3912,"stat.craftItem.minecraft.glass":20,"stat.sleepInBed":4,"stat.craftItem.minecraft.baked_potato":25,"stat.pickup.harvestcraft.lettuceitem":26,"stat.killEntity.Pig":1,"stat.pickup.harvestcraft.elderberryitem":21,"stat.drop.techguns.itemshared":6,"stat.craftItem.minecraft.stone_shovel":1,"stat.pickup.techguns.itemshared":22,"stat.walkOneCm":695605,"stat.playerKills":3,"stat.useItem.minecraft.chest":7,"stat.pickup.techguns.t1_miner_boots":1,"stat.pickup.minecraft.clay_ball":16,"stat.useItem.tombstone.gift":1,"stat.craftItem.minecraft.iron_chestplate":3,"stat.drop.minecraft.potato":1,"stat.pickup.minecraft.ender_pearl":2,"stat.pickup.harvestcraft.amaranthitem":21,"stat.useItem.harvestcraft.parsnipitem":5,"stat.pickup.harvestcraft.cucumberitem":12,"stat.pickup.harvestcraft.strawberryitem":18,"stat.pickup.minecraft.bread":5,"stat.useItem.hammerx.item.hammer":3,"stat.mobKills":20,"stat.useItem.minecraft.mossy_cobblestone":1,"stat.mineBlock.minecraft.leaves":52,"stat.mineBlock.srparasites.parasitecanister":1,"stat.pickup.minecraft.torch":3,"stat.pickup.minecraft.lava_bucket":2,"stat.drop.minecraft.arrow":1,"stat.mineBlock.minecraft.stone":26}