{"stat.leaveGame":13,"stat.useItem.harvestcraft.amaranthitem":7,"stat.entityKilledBy.techguns.ZombieMiner":2,"stat.craftItem.minecraft.iron_axe":1,"stat.pickup.srparasites.parasitecanister":1,"stat.drop.quark.glass_shards":3,"stat.useItem.minecraft.planks":8,"stat.pickup.firstaid.bandage":16,"stat.pickup.minecraft.porkchop":3,"stat.pickup.harvestcraft.calamarirawitem":2,"stat.useItem.harvestcraft.calamarirawitem":2,"stat.pickup.minecraft.rotten_flesh":2,"stat.drop.minecraft.poisonous_potato":1,"stat.pickup.minecraft.sand":76,"stat.craftItem.minecraft.stone_axe":1,"stat.pickup.harvestcraft.wintersquashitem":17,"stat.entityKilledBy.techguns.ZombieSoldier":3,"stat.mineBlock.fossil.iced_stone":2,"stat.craftItem.minecraft.stone_sword":1,"stat.mineBlock.minecraft.sand":78,"stat.killEntity.Witch":1,"stat.killEntity.techguns.ZombieFarmer":3,"stat.pickup.quark.tallow":3,"stat.useItem.minecraft.iron_pickaxe":29,"stat.craftItem.minecraft.wooden_pickaxe":1,"stat.pickup.harvestcraft.onionitem":8,"stat.furnaceInteraction":24,"stat.pickup.harvestcraft.cornitem":18,"stat.mineBlock.futuremc.cornflower":2,"stat.mineBlock.harvestcraft.windygarden":121,"stat.pickup.minecraft.iron_chestplate":4,"stat.pickup.tombstone.magic_scroll":1,"stat.pickup.mca.rose_gold_ore":1,"stat.entityKilledBy.mutantbeasts.mutant_skeleton":1,"stat.useItem.minecraft.wheat_seeds":1,"stat.deaths":34,"stat.drop.harvestcraft.artichokeitem":1,"stat.playOneMinute":119242,"stat.craftItem.minecraft.iron_pickaxe":1,"stat.useItem.overlast.dumpling":3,"stat.entityKilledBy.techguns.ZombiePigmanSoldier":1,"stat.mineBlock.minecraft.tallgrass":87,"stat.chestOpened":14,"stat.useItem.minecraft.fish":1,"stat.pickup.minecraft.arrow":2,"stat.pickup.minecraft.iron_sword":1,"stat.pickup.harvestcraft.chilipepperitem":22,"stat.fallOneCm":31269,"stat.drop.minecraft.dye":2,"stat.pickup.minecraft.carrot":26,"stat.pickup.mutantbeasts.mutant_skeleton_skull":1,"stat.crouchOneCm":1610,"stat.useItem.harvestcraft.chilipepperitem":1,"stat.entityKilledBy.techguns.Bandit":1,"stat.craftItem.minecraft.iron_ingot":19,"stat.craftItem.minecraft.chest":1,"stat.drop.minecraft.book":1,"stat.useItem.harvestcraft.bellpepperitem":2,"stat.entityKilledBy.techguns.CyberDemon":2,"stat.craftingTableInteraction":20,"stat.pickup.iceandfire.silver_ore":2,"stat.mineBlock.fossil.figurine":1,"stat.killEntity.techguns.ZombieMiner":3,"stat.useItem.minecraft.reeds":1,"stat.pickup.minecraft.dye":2,"stat.pickup.minecraft.planks":12,"stat.useItem.harvestcraft.lettuceitem":1,"stat.pickup.minecraft.iron_leggings":2,"stat.pickup.minecraft.wheat_seeds":14,"stat.pickup.techguns.t1_miner_chestplate":1,"stat.craftItem.minecraft.iron_leggings":1,"stat.useItem.minecraft.stone_sword":21,"stat.mineBlock.minecraft.dirt":15,"stat.useItem.minecraft.bread":4,"stat.useItem.minecraft.torch":11,"stat.mineBlock.iceandfire.silver_ore":2,"stat.pickup.minecraft.crafting_table":4,"stat.useItem.minecraft.cobblestone":39,"stat.craftItem.minecraft.crafting_table":2,"stat.mineBlock.minecraft.double_plant":1,"stat.pickup.minecraft.log":111,"stat.pickup.minecraft.iron_pickaxe":2,"stat.pickup.usefulbackpacks.backpack":2,"stat.pickup.minecraft.sapling":68,"stat.pickup.minecraft.apple":10,"stat.mineBlock.overlast.red_leaves":1,"stat.pickup.harvestcraft.parsnipitem":19,"stat.craftItem.minecraft.planks":68,"stat.useItem.minecraft.iron_sword":17,"stat.pickup.futuremc.cornflower":2,"stat.useItem.harvestcraft.artichokeitem":9,"stat.pickup.minecraft.book":1,"stat.mineBlock.minecraft.log":104,"stat.useItem.harvestcraft.elderberryitem":2,"stat.sneakTime":798,"stat.useItem.minecraft.baked_potato":4,"stat.pickup.minecraft.yellow_flower":1,"stat.pickup.minecraft.bone":5,"stat.horseOneCm":2279,"stat.useItem.minecraft.iron_axe":90,"stat.mineBlock.minecraft.cobblestone":11,"stat.mineBlock.minecraft.yellow_flower":1,"stat.mineBlock.srparasites.gore":5,"stat.pickup.fossil.figurine":1,"stat.swimOneCm":59008,"stat.pickup.quark.glass_shards":13,"stat.pickup.harvestcraft.artichokeitem":24,"stat.killEntity.techguns.ZombieSoldier":3,"stat.useItem.harvestcraft.strawberryitem":1,"stat.pickup.nocubessrparmory.pestilentarmorbody":1,"stat.useItem.minecraft.dirt":1,"stat.useItem.minecraft.stone_slab2":31,"stat.useItem.harvestcraft.barleyitem":3,"stat.pickup.minecraft.iron_boots":2,"stat.pickup.mutantbeasts.mutant_skeleton_leggings":1,"stat.mineBlock.fossil.permafrost":2,"stat.craftItem.minecraft.stone_pickaxe":1,"stat.pickup.minecraft.cobblestone":28,"stat.useItem.minecraft.stone_shovel":1,"stat.flyOneCm":396299,"stat.timeSinceDeath":1458,"stat.useItem.harvestcraft.peanutitem":6,"stat.useItem.minecraft.potato":23,"stat.pickup.minecraft.iron_shovel":1,"stat.pickup.minecraft.diamond_shovel":2,"stat.pickup.minecraft.shield":1,"stat.talkedToVillager":9,"stat.pickup.techguns.t1_combat_helmet":1,"stat.pickup.tombstone.crafting_ingredient":1,"stat.entityKilledBy.Skeleton":1,"stat.craftItem.minecraft.stone_slab2":0,"stat.useItem.harvestcraft.cucumberitem":1,"stat.killEntity.Squid":1,"stat.sprintOneCm":329128,"stat.useItem.minecraft.diamond_shovel":79,"stat.craftItem.minecraft.stick":16,"stat.useItem.tombstone.magic_scroll":1,"stat.useItem.minecraft.snowball":3,"stat.pickup.harvestcraft.barleyitem":28,"stat.pickup.techguns.t1_miner_leggings":1,"stat.mineBlock.minecraft.crafting_table":3,"stat.useItem.minecraft.carrot":14,"stat.pickup.mutantbeasts.mutant_skeleton_boots":1,"stat.useItem.minecraft.wheat":4,"stat.pickup.overlast.dumpling":96,"stat.pickup.harvestcraft.mustardseedsitem":19,"stat.mineBlock.minecraft.planks":3,"stat.drop":23,"stat.pickup.harvestcraft.flaxitem":22,"stat.drop.tombstone.grave_key":3,"stat.pickup.tombstone.grave_key":2,"stat.pickup.minecraft.snowball":3,"stat.diveOneCm":44148,"stat.pickup.minecraft.wheat":29,"stat.pickup.fossil.stone_tablet":1,"stat.drop.harvestcraft.cornitem":4,"stat.useItem.minecraft.porkchop":1,"stat.useItem.minecraft.rotten_flesh":1,"stat.jump":2411,"stat.pickup.minecraft.iron_helmet":2,"stat.pickup.minecraft.coal":4,"stat.pickup.minecraft.iron_ingot":32,"stat.useItem.minecraft.stone_axe":33,"stat.pickup.minecraft.gunpowder":8,"stat.pickup.harvestcraft.peanutitem":13,"stat.pickup.minecraft.spider_eye":1,"stat.craftItem.minecraft.torch":12,"stat.pickup.minecraft.dirt":11,"stat.craftItem.minecraft.iron_helmet":1,"stat.pickup.harvestcraft.bellpepperitem":15,"stat.useItem.minecraft.glass":14,"stat.mineBlock.mca.rose_gold_ore":2,"stat.useItem.minecraft.sapling":46,"stat.entityKilledBy.techguns.SkeletonSoldier":1,"stat.pickup.minecraft.iron_axe":1,"stat.damageTaken":9212,"stat.useItem.minecraft.wooden_pickaxe":4,"stat.useItem.harvestcraft.mustardseedsitem":2,"stat.pickup.minecraft.reeds":3,"stat.pickup.minecraft.bed":1,"tombstone:undead_killed":9,"stat.pickup.minecraft.potato":44,"stat.damageDealt":3242,"stat.craftItem.minecraft.glass":20,"stat.sleepInBed":3,"stat.craftItem.minecraft.baked_potato":25,"stat.pickup.harvestcraft.lettuceitem":26,"stat.killEntity.Pig":1,"stat.pickup.harvestcraft.elderberryitem":21,"stat.drop.techguns.itemshared":6,"stat.craftItem.minecraft.stone_shovel":1,"stat.pickup.techguns.itemshared":17,"stat.walkOneCm":370246,"stat.playerKills":1,"stat.pickup.techguns.t1_miner_boots":1,"stat.useItem.tombstone.gift":1,"stat.craftItem.minecraft.iron_chestplate":3,"stat.drop.minecraft.potato":1,"stat.pickup.harvestcraft.amaranthitem":21,"stat.useItem.harvestcraft.parsnipitem":3,"stat.pickup.harvestcraft.cucumberitem":12,"stat.pickup.harvestcraft.strawberryitem":18,"stat.pickup.minecraft.bread":5,"stat.mobKills":15,"stat.mineBlock.minecraft.leaves":26,"stat.mineBlock.srparasites.parasitecanister":1,"stat.drop.minecraft.arrow":1,"stat.mineBlock.minecraft.stone":9}