{"stat.mineBlock.quark.roots_white_flower":1,"stat.leaveGame":27,"stat.useItem.harvestcraft.amaranthitem":14,"stat.drop.minecraft.gunpowder":1,"stat.pickup.quark.limestone":54,"stat.pickup.tombstone.familiar_stone":2,"stat.pickup.minecraft.dark_oak_boat":1,"stat.mineBlock.minecraft.sandstone":834,"stat.entityKilledBy.techguns.ZombieFarmer":1,"stat.craftItem.minecraft.shield":1,"stat.pickup.firstaid.bandage":96,"stat.drop.minecraft.feather":1,"stat.pickup.harvestcraft.calamarirawitem":6,"stat.pickup.minecraft.rotten_flesh":16,"stat.useItem.minecraft.sandstone_stairs":21,"stat.craftItem.minecraft.stone_axe":5,"stat.pickup.minecraft.bucket":9,"stat.entityKilledBy.techguns.ZombieSoldier":6,"stat.craftItem.srparasites.lurecomponent1":8,"stat.useItem.fossil.volcanic_rock":9,"stat.pickup.quark.tallow":19,"stat.useItem.minecraft.iron_pickaxe":715,"stat.pickup.securitycraft.universal_block_remover":1,"stat.craftItem.minecraft.wooden_pickaxe":2,"stat.craftItem.minecraft.bed":1,"stat.craftItem.minecraft.glass_pane":16,"stat.pickup.harvestcraft.onionitem":24,"stat.pickup.fossil.volcanic_rock":88,"stat.pickup.fossil.bone_unique_item":3,"stat.pickup.techguns.basicore":249,"stat.furnaceInteraction":1917,"stat.pickup.fossil.scarab_gem":3,"stat.pickup.harvestcraft.cornitem":24,"stat.pickup.minecraft.nether_brick":15,"stat.pickup.iceandfire.manuscript":5,"stat.pickup.nocubessrparmory.twisteddagger":1,"stat.pickup.minecraft.beef":21,"stat.craftItem.futuremc.dye":3,"stat.mineBlock.nocubessrpnests.neststonedarkwall":9,"stat.pickup.mca.rose_gold_ore":23,"stat.useItem.minecraft.flint_and_steel":5,"stat.useItem.minecraft.wheat_seeds":5,"stat.pickup.minecraft.emerald":1,"stat.craftItem.securitycraft.laser_block":8,"stat.pickup.securitycraft.universal_block_reinforcer_lvl2":2,"stat.craftItem.minecraft.dark_oak_boat":3,"stat.deaths":143,"stat.pickup.securitycraft.reinforced_dirt":1,"stat.craftItem.minecraft.iron_pickaxe":2,"stat.entityKilledBy.techguns.ZombiePigmanSoldier":11,"stat.mineBlock.minecraft.tallgrass":1268,"stat.craftItem.minecraft.cooked_mutton":18,"stat.chestOpened":29,"stat.useItem.minecraft.stone":1,"stat.killEntity.mutantbeasts.creeper_minion":1,"stat.pickup.minecraft.arrow":9,"stat.drop.quark.elder_prismarine":2,"stat.mineBlock.nocubessrpnests.neststonedark":22,"stat.pickup.harvestcraft.chilipepperitem":19,"stat.pickup.minecraft.carrot":89,"stat.drop.minecraft.stone_sword":1,"stat.crouchOneCm":876460,"stat.craftItem.minecraft.diamond":27,"stat.craftItem.minecraft.iron_ingot":310,"stat.craftingTableInteraction":168,"stat.pickup.minecraft.nether_brick_fence":1,"stat.pickup.iceandfire.silver_ore":6,"stat.mineBlock.minecraft.log2":152,"stat.mineBlock.fossil.figurine":1,"stat.useItem.minecraft.reeds":76,"stat.pickup.minecraft.dye":206,"stat.pickup.minecraft.planks":50,"stat.useItem.harvestcraft.lettuceitem":22,"stat.craftItem.minecraft.diamond_shovel":2,"stat.pickup.minecraft.wheat_seeds":611,"stat.mineBlock.futuremc.smooth_stone":2,"stat.pickup.techguns.t1_miner_chestplate":1,"stat.mineBlock.minecraft.glass":1,"stat.killEntity.techguns.ZombiePigmanSoldier":1,"stat.mineBlock.fossil.volcanic_rock":84,"stat.mineBlock.minecraft.dirt":2761,"stat.pickup.minecraft.poisonous_potato":5,"stat.flowerPotted":1,"stat.pickup.securitycraft.reinforced_glass_block":8,"stat.useItem.minecraft.bread":3,"stat.mineBlock.iceandfire.sapphire_ore":1,"stat.mineBlock.iceandfire.silver_ore":10,"stat.drop.minecraft.rotten_flesh":8,"stat.craftItem.securitycraft.portable_radar":3,"stat.useItem.minecraft.cobblestone":842,"stat.pickup.minecraft.magma":26,"stat.pickup.futuremc.dye":3,"stat.mineBlock.minecraft.double_plant":39,"stat.pickup.futuremc.smooth_stone":2,"stat.pickup.minecraft.chicken":5,"stat.pickup.minecraft.apple":19,"stat.craftItem.minecraft.bucket":31,"stat.craftItem.minecraft.planks":524,"stat.itemEnchanted":4,"stat.pickup.futuremc.cornflower":145,"stat.drop.futuremc.cornflower":10,"stat.useItem.harvestcraft.artichokeitem":9,"stat.useItem.securitycraft.universal_block_remover":444,"stat.pickup.minecraft.stone_sword":2,"stat.pickup.minecraft.book":5,"stat.mineBlock.minecraft.log":96,"stat.useItem.carryon.entity_item":3,"stat.useItem.harvestcraft.elderberryitem":13,"stat.craftItem.minecraft.paper":3,"stat.pickup.minecraft.red_flower":17,"stat.pickup.mutantbeasts.mutant_skeleton_limb":5,"stat.pickup.minecraft.wool":14,"stat.craftItem.minecraft.diamond_leggings":1,"stat.pickup.fossil.biofossil":36,"stat.useItem.minecraft.iron_axe":371,"stat.pickup.nocubessrpnests.neststonedarkwall":9,"stat.mineBlock.minecraft.cobblestone":220,"stat.pickup.minecraft.flint":3,"stat.useItem.techguns.basicore":27,"stat.mineBlock.minecraft.yellow_flower":18,"stat.mineBlock.srparasites.gore":114,"stat.pickup.minecraft.flower_pot":1,"stat.pickup.minecraft.enchanted_book":1,"stat.drop.minecraft.cobblestone":4,"stat.killEntity.techguns.ZombieSoldier":5,"stat.useItem.minecraft.obsidian":10,"stat.useItem.minecraft.stone_slab2":374,"stat.pickup.minecraft.iron_boots":5,"stat.useItem.harvestcraft.wintersquashitem":20,"stat.craftItem.minecraft.furnace":28,"stat.craftItem.minecraft.iron_boots":2,"stat.craftItem.minecraft.spruce_boat":1,"stat.craftItem.minecraft.cooked_beef":12,"stat.mineBlock.minecraft.obsidian":25,"stat.craftItem.minecraft.bow":3,"stat.pickup.mutantbeasts.mutant_skeleton_rib":1,"stat.useItem.nocubessrpnests.neststonedark":2,"stat.mineBlock.minecraft.clay":2,"stat.pickup.minecraft.diamond_leggings":1,"stat.flyOneCm":3253497,"stat.pickup.minecraft.sandstone":747,"stat.pickup.minecraft.fish":1,"stat.timeSinceDeath":1361,"stat.craftItem.minecraft.iron_block":15,"stat.craftItem.minecraft.stonebrick":17268,"stat.useItem.minecraft.potato":29,"stat.mineBlock.minecraft.coal_ore":524,"stat.pickup.minecraft.shield":1,"stat.killEntity.Creeper":2,"stat.talkedToVillager":16,"stat.pickup.minecraft.string":15,"stat.drop.usefulbackpacks.backpack":1,"stat.pickup.tombstone.crafting_ingredient":6,"stat.pickup.techguns.t1_scout_helmet":1,"stat.entityKilledBy.Skeleton":2,"stat.pickup.nocubessrpsurvival.redflesh":12,"stat.killEntity.Squid":2,"stat.sprintOneCm":2063534,"stat.useItem.minecraft.diamond_shovel":3060,"stat.mineBlock.minecraft.stone_slab":58,"stat.drop.harvestcraft.barleyitem":1,"stat.pickup.quark.elder_prismarine":4,"stat.mineBlock.minecraft.diamond_ore":173,"stat.useItem.minecraft.snowball":56,"stat.pickup.fossil.relic_scrap":43,"stat.waystones:waystonesActivated":1,"stat.pickup.overlast.dumpling":60,"stat.mineBlock.quark.marble":100,"stat.pickup.harvestcraft.mustardseedsitem":15,"stat.pickup.harvestcraft.flaxitem":23,"stat.pickup.tombstone.grave_key":1,"stat.killEntity.Zombie":5,"stat.pickup.minecraft.snowball":124,"stat.mineBlock.minecraft.gold_ore":71,"stat.diveOneCm":221746,"stat.drop.minecraft.diamond_pickaxe":1,"stat.pickup.minecraft.wheat":94,"stat.mineBlock.minecraft.mossy_cobblestone":6,"stat.killEntity.techguns.PsychoSteve":1,"stat.craftItem.minecraft.cooked_porkchop":12,"stat.useItem.minecraft.chicken":1,"stat.pickup.minecraft.stone_axe":7,"stat.pickup.minecraft.obsidian":47,"stat.useItem.securitycraft.sentry":1,"stat.jump":16850,"stat.useItem.minecraft.sand":24,"stat.pickup.minecraft.coal":589,"stat.pickup.minecraft.iron_ingot":22,"stat.useItem.minecraft.dark_oak_boat":4,"stat.mineBlock.fossil.fossil":163,"stat.pickup.minecraft.gunpowder":56,"stat.craftItem.minecraft.torch":376,"stat.mineBlock.nocubessrpnests.neststonelightwall":4,"stat.pickup.minecraft.dirt":3173,"stat.pickup.minecraft.gold_ore":71,"stat.mineBlock.minecraft.lapis_ore":22,"stat.pickup.minecraft.iron_axe":1,"stat.damageTaken":44371,"stat.mineBlock.minecraft.torch":43,"stat.mineBlock.minecraft.red_flower":17,"stat.pickup.minecraft.magma_cream":2,"stat.mineBlock.minecraft.sapling":1,"stat.pickup.srparasites.assimilated_flesh":31,"stat.pickup.minecraft.log2":201,"stat.mineBlock.minecraft.sandstone_stairs":26,"stat.pickup.minecraft.bed":4,"stat.pickup.minecraft.potato":483,"stat.pickup.srparasites.dispatcher_drop":4,"stat.pickup.harvestcraft.lettuceitem":22,"stat.entityKilledBy.if_cockatrice":1,"stat.useItem.harvestcraft.onionitem":14,"stat.drop.techguns.itemshared":1,"stat.craftItem.securitycraft.universal_block_reinforcer_lvl2":5,"stat.craftItem.securitycraft.universal_block_reinforcer_lvl1":3,"stat.pickup.techguns.itemshared":65,"stat.animalsBred":1,"stat.pickup.minecraft.diamond_pickaxe":1,"stat.useItem.minecraft.lava_bucket":10,"stat.useItem.minecraft.gold_ore":1,"stat.drop.minecraft.netherrack":6,"stat.useItem.securitycraft.reinforced_stone_brick":12708,"stat.craftItem.minecraft.iron_chestplate":3,"stat.pickup.minecraft.ender_pearl":4,"stat.drop.srparasites.assimilated_flesh":16,"stat.pickup.minecraft.ladder":1,"stat.useItem.minecraft.netherrack":302,"stat.useItem.harvestcraft.parsnipitem":18,"stat.pickup.harvestcraft.queenbeeitem":2,"stat.pickup.harvestcraft.cucumberitem":18,"stat.pickup.harvestcraft.strawberryitem":21,"stat.useItem.hammerx.item.hammer":2841,"stat.mineBlock.waystones.waystone":1,"stat.mobKills":223,"stat.pickup.minecraft.diamond_boots":2,"stat.mineBlock.minecraft.bookshelf":1,"stat.pickup.fossil.broken_sword":4,"stat.craftItem.minecraft.shears":1,"stat.pickup.fossil.skull_block":11,"stat.useItem.minecraft.mossy_cobblestone":13,"stat.pickup.minecraft.diamond":237,"stat.pickup.minecraft.beetroot_seeds":84,"stat.pickup.minecraft.torch":268,"stat.drop.minecraft.stone_axe":2,"stat.drop.minecraft.arrow":1,"stat.mineBlock.quark.netherrack_speleothem":1,"stat.entityKilledBy.techguns.ZombieMiner":3,"stat.craftItem.minecraft.iron_axe":2,"stat.useItem.minecraft.mutton":1,"stat.pickup.srparasites.parasitecanister":11,"stat.useItem.minecraft.planks":121,"stat.drop.minecraft.bowl":1,"stat.pickup.minecraft.porkchop":17,"stat.pickup.nocubessrpnests.neststonedark":22,"stat.useItem.minecraft.water_bucket":8,"stat.mineBlock.minecraft.nether_brick_fence":2,"stat.drop.minecraft.poisonous_potato":1,"stat.pickup.minecraft.sand":222,"stat.entityKilledBy.Spider":1,"stat.pickup.hammerx.item.hammer":8,"stat.pickup.fossil.bone_leg_bone":1,"stat.pickup.harvestcraft.wintersquashitem":19,"stat.pickup.minecraft.wooden_hoe":3,"stat.mineBlock.fossil.iced_stone":89,"stat.pickup.nocubessrpnests.neststonespikes":9,"stat.mineBlock.minecraft.snow_layer":56,"stat.mineBlock.minecraft.sand":214,"stat.pickup.quark.rune":2,"stat.craftItem.minecraft.wooden_hoe":1,"stat.killEntity.techguns.ZombieFarmer":9,"stat.pickup.srparasites.lurecomponent2":3,"stat.pickup.srparasites.lurecomponent3":6,"stat.mineBlock.futuremc.cornflower":36,"stat.pickup.srparasites.lurecomponent1":25,"stat.craftItem.hammerx.item.hammer":2,"stat.drop.minecraft.stone_slab":49,"stat.pickup.minecraft.furnace":7,"stat.useItem.minecraft.cooked_mutton":18,"stat.mineBlock.nocubessrpsurvival.craterupterviscera":2,"stat.useItem.charm.suspicious_soup":1,"stat.mineBlock.harvestcraft.windygarden":109,"stat.pickup.minecraft.iron_chestplate":1,"stat.useItem.minecraft.stone_stairs":77,"stat.pickup.tombstone.magic_scroll":4,"stat.entityKilledBy.mutantbeasts.mutant_skeleton":9,"stat.pickup.minecraft.stone_stairs":63,"stat.pickup.nocubessrpnests.neststonelight":9,"stat.useItem.fossil.ancient_sword":2,"stat.drop.minecraft.snowball":16,"stat.playOneMinute":1312238,"stat.craftItem.minecraft.diamond_block":16,"stat.useItem.overlast.dumpling":19,"stat.pickup.minecraft.netherrack":337,"stat.useItem.securitycraft.reinforced_sandstone":539,"stat.useItem.minecraft.fish":1,"stat.mineBlock.minecraft.netherrack":330,"stat.pickup.minecraft.waterlily":3,"stat.mineBlock.minecraft.ice":45,"stat.fallOneCm":278765,"stat.useItem.harvestcraft.chilipepperitem":19,"stat.entityKilledBy.techguns.Bandit":7,"stat.useItem.harvestcraft.bellpepperitem":15,"stat.pickup.minecraft.red_mushroom":4,"stat.entityKilledBy.techguns.CyberDemon":10,"stat.useItem.nocubessrpsurvival.flesheater":233,"stat.craftItem.nocubessrpsurvival.craterupterviscera":2,"stat.killEntity.techguns.Bandit":2,"stat.mineBlock.quark.limestone":67,"stat.pickup.minecraft.feather":14,"stat.drop.minecraft.bone":3,"stat.mineBlock.quark.elder_prismarine":22,"stat.killEntity.techguns.ZombieMiner":12,"stat.useItem.minecraft.furnace":17,"stat.mineBlock.minecraft.gravel":18,"stat.useItem.minecraft.stone_pickaxe":263,"stat.pickup.waystones.waystone":1,"stat.craftItem.minecraft.iron_leggings":3,"stat.useItem.minecraft.stone_sword":64,"stat.drop.minecraft.stick":8,"stat.drop.minecraft.iron_axe":1,"stat.pickup.minecraft.flint_and_steel":1,"stat.useItem.minecraft.torch":341,"stat.craftItem.minecraft.redstone_block":14,"stat.craftItem.minecraft.stone_stairs":248,"stat.pickup.minecraft.crafting_table":8,"stat.mineBlock.techguns.basicore":243,"stat.craftItem.minecraft.crafting_table":10,"stat.mineBlock.nocubessrpnests.neststonelight":9,"stat.killEntity.LavaSlime":14,"stat.pickup.minecraft.iron_hoe":2,"stat.craftItem.srparasites.evolutionlure":4,"stat.pickup.minecraft.log":185,"stat.pickup.usefulbackpacks.backpack":4,"stat.craftItem.usefulbackpacks.backpack":2,"stat.pickup.minecraft.sapling":19,"stat.mineBlock.overlast.red_leaves":5,"stat.pickup.minecraft.beetroot":12,"stat.pickup.harvestcraft.parsnipitem":18,"stat.craftItem.securitycraft.reinforced_stained_glass":8,"stat.pickup.minecraft.diamond_helmet":1,"stat.pickup.quark.root":1,"stat.craftItem.minecraft.cooked_chicken":4,"stat.pickup.quark.variant_sapling":42,"stat.sneakTime":150862,"stat.useItem.minecraft.baked_potato":76,"stat.pickup.minecraft.stone_slab":117,"stat.pickup.minecraft.yellow_flower":24,"stat.craftItem.minecraft.enchanting_table":1,"stat.drop.minecraft.stone_pickaxe":2,"stat.craftItem.minecraft.diamond_chestplate":1,"stat.pickup.minecraft.bone":49,"stat.useItem.minecraft.log2":7,"stat.pickup.securitycraft.sentry":1,"stat.pickup.fossil.figurine":1,"stat.craftItem.securitycraft.sentry":3,"stat.craftItem.minecraft.diamond_helmet":1,"stat.mineBlock.charm.crate_sealed":2,"stat.swimOneCm":204745,"stat.pickup.quark.glass_shards":3,"stat.climbOneCm":10548,"stat.pickup.harvestcraft.artichokeitem":17,"stat.craftItem.minecraft.gold_block":2,"stat.pickup.nocubessrpsurvival.craterupterviscera":2,"stat.useItem.harvestcraft.strawberryitem":14,"stat.useItem.minecraft.dirt":1985,"stat.drop.minecraft.quartz":5,"stat.useItem.harvestcraft.barleyitem":7,"stat.entityKilledBy.mutantbeasts.mutant_enderman":2,"stat.drop.securitycraft.reinforced_stone_brick":1,"stat.pickup.securitycraft.reinforced_metals":19,"stat.pickup.minecraft.anvil":1,"stat.useItem.minecraft.iron_ore":4,"stat.craftItem.minecraft.stone_pickaxe":3,"stat.mineBlock.minecraft.magma":26,"stat.pickup.minecraft.cobblestone":20737,"stat.mineBlock.minecraft.carpet":1,"stat.drop.minecraft.wheat_seeds":54,"stat.useItem.minecraft.cooked_beef":7,"stat.pickup.minecraft.redstone":349,"stat.craftItem.minecraft.dispenser":3,"stat.mineBlock.minecraft.iron_ore":425,"stat.craftItem.minecraft.book":1,"stat.useItem.harvestcraft.peanutitem":2,"stat.useItem.nocubessrpsurvival.craterupterviscera":1,"stat.pickup.fossil.plant_fossil":37,"stat.pickup.minecraft.mutton":17,"stat.pickup.minecraft.mossy_cobblestone":15,"stat.killEntity.techguns.SkeletonSoldier":4,"stat.craftItem.torchmaster.mega_torch":1,"stat.useItem.harvestcraft.cornitem":5,"stat.useItem.futuremc.smooth_stone":1,"stat.pickup.minecraft.stonebrick":304,"stat.drop.minecraft.dirt":5,"stat.useItem.minecraft.cooked_porkchop":12,"stat.pickup.minecraft.carpet":1,"stat.mineBlock.minecraft.nether_brick":5,"stat.entityKilledBy.techguns.PsychoSteve":6,"stat.craftItem.minecraft.stone_slab2":0,"stat.pickup.minecraft.sandstone_stairs":25,"stat.useItem.harvestcraft.cucumberitem":13,"stat.craftItem.minecraft.stick":212,"stat.useItem.minecraft.stone_slab":4,"stat.craftItem.minecraft.stone":18067,"stat.pickup.harvestcraft.barleyitem":27,"stat.pickup.techguns.t1_miner_leggings":1,"stat.pickup.minecraft.grass":1,"stat.mineBlock.minecraft.crafting_table":9,"stat.useItem.minecraft.diamond_pickaxe":968,"stat.useItem.minecraft.carrot":29,"stat.useItem.minecraft.wheat":61,"stat.pickup.minecraft.diamond_chestplate":1,"stat.entityKilledBy.Creeper":1,"stat.mineBlock.minecraft.planks":1,"stat.drop":59,"stat.killEntity.Sheep":13,"stat.entityKilledBy.mutantbeasts.mutant_creeper":2,"stat.craftItem.minecraft.diamond_pickaxe":1,"stat.craftItem.securitycraft.universal_block_remover":1,"stat.pickup.fossil.ancient_sword":1,"stat.drop.minecraft.wooden_pickaxe":1,"stat.pickup.minecraft.gravel":21,"stat.pickup.quark.glass_item_frame":1,"stat.mineBlock.minecraft.anvil":1,"stat.useItem.minecraft.apple":7,"stat.mineBlock.quark.roots_black_flower":1,"stat.useItem.minecraft.porkchop":3,"stat.useItem.minecraft.wooden_hoe":27,"stat.pickup.minecraft.iron_helmet":1,"stat.useItem.minecraft.stone_axe":98,"stat.entityKilledBy.CaveSpider":1,"stat.pickup.harvestcraft.peanutitem":16,"stat.pickup.minecraft.spider_eye":4,"stat.craftItem.minecraft.iron_helmet":1,"stat.pickup.harvestcraft.bellpepperitem":26,"stat.pickup.minecraft.iron_ore":418,"stat.mineBlock.mca.rose_gold_ore":33,"stat.boatOneCm":137436,"stat.craftItem.minecraft.flint_and_steel":1,"stat.entityKilledBy.techguns.SkeletonSoldier":2,"stat.killEntity.mutantbeasts.mutant_creeper":1,"stat.mineBlock.minecraft.stone_stairs":7,"stat.pickup.minecraft.leather":36,"stat.craftItem.nocubessrpsurvival.flesheater":1,"stat.useItem.harvestcraft.flaxitem":12,"stat.drop.securitycraft.reinforced_sandstone":1,"stat.mineBlock.minecraft.furnace":5,"stat.useItem.minecraft.wooden_pickaxe":14,"stat.mineBlock.nocubessrpnests.neststonespikes":9,"stat.useItem.harvestcraft.mustardseedsitem":3,"stat.pickup.minecraft.reeds":841,"tombstone:undead_killed":40,"stat.useItem.tombstone.grave_key":4,"stat.useItem.srparasites.evolutionlure":3,"stat.damageDealt":28657,"stat.craftItem.minecraft.glass":20,"stat.sleepInBed":43,"stat.craftItem.minecraft.baked_potato":257,"stat.drop.hammerx.item.hammer":1,"stat.killEntity.Cow":10,"stat.killEntity.Pig":9,"stat.pickup.harvestcraft.elderberryitem":25,"stat.walkOneCm":3403557,"stat.useItem.quark.custom_chest":18,"stat.playerKills":4,"stat.pickup.minecraft.stick":25,"stat.drop.fossil.scarab_gem":3,"stat.craftItem.quark.custom_chest":27,"stat.pickup.techguns.t1_miner_boots":1,"stat.pickup.minecraft.clay_ball":8,"stat.pickup.securitycraft.reinforced_stone_brick":17855,"stat.useItem.minecraft.spruce_boat":1,"stat.drop.minecraft.iron_block":3,"stat.craftItem.minecraft.diamond_boots":1,"stat.pickup.techguns.t1_combat_boots":2,"stat.pickup.quark.root_flower":2,"stat.drop.minecraft.iron_chestplate":1,"stat.pickup.minecraft.stone":128,"stat.pickup.securitycraft.reinforced_sandstone":744,"stat.pickup.nocubessrpnests.neststonelightwall":4,"stat.craftItem.minecraft.redstone":27,"stat.mineBlock.minecraft.packed_ice":2,"stat.pickup.minecraft.gold_ingot":46,"stat.killEntity.Skeleton":4,"stat.pickup.harvestcraft.amaranthitem":18,"stat.killEntity.Chicken":5,"stat.mineBlock.srparasites.infestremain":25,"stat.killEntity.Spider":6,"stat.pickup.minecraft.bread":10,"stat.mineBlock.minecraft.quartz_ore":11,"stat.pickup.minecraft.quartz":10,"stat.mineBlock.minecraft.leaves":6,"stat.mineBlock.srparasites.parasitecanister":7,"stat.mineBlock.minecraft.redstone_ore":84,"stat.drop.mutantbeasts.mutant_skeleton_limb":3,"stat.mineBlock.minecraft.stone":21221,"stat.useItem.minecraft.sandstone":1}