{"stat.chestOpened":17,"stat.craftItem.minecraft.diamond_chestplate":1,"stat.pickup.minecraft.bone":1,"stat.craftItem.minecraft.diamond_leggings":1,"stat.drop.minecraft.wooden_pickaxe":1,"stat.mineBlock.minecraft.netherrack":3,"stat.leaveGame":5,"stat.pickup.minecraft.gravel":1,"stat.pickup.minecraft.arrow":3,"stat.mineBlock.minecraft.cobblestone":3,"stat.useItem.minecraft.diamond_axe":3,"stat.entityKilledBy.techguns.ZombieMiner":1,"stat.pickup.minecraft.obsidian":14,"stat.useItem.minecraft.diamond_sword":273,"stat.craftItem.minecraft.diamond_helmet":1,"stat.useItem.minecraft.rotten_flesh":9,"stat.pickup.iceandfire.silver_nugget":1,"stat.useItem.minecraft.mutton":1,"stat.craftItem.minecraft.diamond_sword":1,"stat.drop.minecraft.sandstone":64,"stat.jump":994,"stat.swimOneCm":29434,"stat.pickup.minecraft.coal":10,"stat.fallOneCm":69241,"stat.pickup.minecraft.golden_boots":1,"stat.pickup.minecraft.carrot":2,"stat.useItem.minecraft.stone_axe":32,"stat.killEntity.techguns.ZombieSoldier":1,"stat.pickup.minecraft.gunpowder":2,"stat.crouchOneCm":7743,"stat.useItem.harvestcraft.pearitem":2,"stat.pickup.minecraft.spider_eye":4,"stat.pickup.minecraft.dirt":1,"stat.pickup.minecraft.golden_helmet":1,"stat.useItem.minecraft.stone_slab2":12,"stat.pickup.minecraft.bow":1,"stat.mineBlock.minecraft.hardened_clay":3,"stat.craftingTableInteraction":19,"stat.pickup.minecraft.iron_ore":8,"stat.pickup.minecraft.rotten_flesh":20,"stat.pickup.minecraft.sand":2,"stat.pickup.minecraft.hardened_clay":3,"stat.pickup.torchmaster.feral_flare_lantern":1,"stat.pickup.minecraft.iron_axe":2,"stat.craftItem.minecraft.stone_axe":2,"stat.mineBlock.minecraft.log2":16,"stat.pickup.minecraft.wooden_pickaxe":1,"stat.damageTaken":7882,"stat.pickup.minecraft.leather":2,"stat.useItem.minecraft.iron_ore":3,"stat.pickup.minecraft.name_tag":1,"stat.drop.minecraft.bone":1,"stat.craftItem.minecraft.wooden_button":1,"stat.mineBlock.minecraft.torch":1,"stat.craftItem.minecraft.stone_pickaxe":1,"stat.killEntity.techguns.ZombieMiner":1,"stat.useItem.minecraft.wooden_pickaxe":15,"stat.mineBlock.minecraft.obsidian":15,"stat.pickup.minecraft.cobblestone":185,"stat.craftItem.minecraft.wooden_sword":1,"stat.pickup.minecraft.log2":15,"stat.pickup.minecraft.planks":6,"stat.drop.sexmod.allies_lamp":1,"stat.craftItem.minecraft.stone_sword":3,"stat.killEntity.CaveSpider":7,"stat.flyOneCm":1367949,"stat.pickup.minecraft.clay":11,"stat.pickup.minecraft.sandstone":49,"tombstone:undead_killed":43,"stat.entityKilledBy.firedragon":3,"stat.pickup.minecraft.wheat_seeds":38,"stat.pickup.minecraft.potato":14,"stat.drop.minecraft.wheat_seeds":4,"stat.mineBlock.minecraft.gravel":1,"stat.useItem.minecraft.stone_sword":35,"stat.killEntity.techguns.ZombieFarmer":2,"stat.damageDealt":21542,"stat.killEntity.Rabbit":1,"stat.pickup.minecraft.redstone":81,"stat.mineBlock.minecraft.iron_ore":8,"stat.timeSinceDeath":24707,"stat.useItem.minecraft.iron_pickaxe":21,"stat.pickup.minecraft.stained_hardened_clay":8,"stat.craftItem.minecraft.wooden_pickaxe":3,"stat.pickup.minecraft.mutton":1,"stat.killEntity.Bat":1,"stat.walkOneCm":135487,"stat.pickup.minecraft.golden_apple":1,"stat.playerKills":1,"stat.useItem.minecraft.hardened_clay":1,"stat.useItem.minecraft.potato":3,"stat.pickup.minecraft.crafting_table":1,"stat.pickup.techguns.basicore":2,"stat.useItem.minecraft.cobblestone":6,"stat.mineBlock.techguns.basicore":2,"stat.craftItem.minecraft.crafting_table":11,"stat.pickup.harvestcraft.cornitem":2,"stat.killEntity.ZombieVillager":1,"stat.pickup.minecraft.diamond_shovel":1,"stat.pickup.nocubessrparmory.overlordcore":8,"stat.drop.harvestcraft.gigapickleseeditem":1,"stat.pickup.minecraft.iron_hoe":1,"stat.mineBlock.minecraft.nether_brick":5,"stat.killEntity.Creeper":1,"stat.pickup.minecraft.shield":3,"stat.pickup.minecraft.nether_brick":4,"stat.pickup.minecraft.string":7,"stat.pickup.minecraft.log":11,"stat.drop.minecraft.stone_slab":21,"stat.craftItem.minecraft.diamond_boots":1,"stat.useItem.tombstone.gift":1,"stat.mineBlock.torchmaster.feral_flare_lantern":1,"stat.pickup.tombstone.crafting_ingredient":4,"stat.entityKilledBy.Skeleton":2,"stat.drop.minecraft.sapling":3,"stat.pickup.minecraft.chainmail_leggings":2,"stat.pickup.minecraft.sandstone_stairs":2,"stat.pickup.minecraft.sapling":6,"stat.mineBlock.minecraft.stained_hardened_clay":8,"stat.sprintOneCm":164674,"stat.pickup.minecraft.paper":1,"stat.pickup.minecraft.apple":1,"stat.craftItem.minecraft.stick":36,"stat.pickup.tombstone.magic_scroll":1,"stat.pickup.minecraft.gold_ingot":8,"stat.useItem.minecraft.netherrack":2,"stat.killEntity.Skeleton":10,"stat.mineBlock.overlast.red_leaves":1,"stat.craftItem.minecraft.planks":108,"stat.mineBlock.minecraft.diamond_ore":18,"stat.pickup.techguns.t1_miner_leggings":1,"stat.pickup.harvestcraft.gigapickleseeditem":1,"stat.mineBlock.minecraft.crafting_table":1,"stat.killEntity.Spider":7,"stat.killEntity.Husk":2,"stat.pickup.minecraft.bread":1,"stat.useItem.minecraft.diamond_pickaxe":260,"stat.useItem.minecraft.carrot":1,"stat.mobKills":81,"stat.mineBlock.minecraft.log":11,"stat.entityKilledBy.Creeper":1,"stat.pickup.harvestcraft.mustardseedsitem":3,"stat.deaths":24,"stat.pickup.minecraft.bowl":8,"stat.drop":19,"stat.pickup.minecraft.diamond":42,"stat.playOneMinute":79260,"stat.useItem.minecraft.wooden_sword":36,"stat.pickup.minecraft.torch":2,"stat.drop.tombstone.grave_key":7,"stat.killEntity.Sheep":1,"stat.pickup.harvestcraft.pearitem":2,"stat.mineBlock.minecraft.redstone_ore":13,"stat.sneakTime":1573,"stat.pickup.minecraft.wool":3,"stat.craftItem.minecraft.diamond_pickaxe":1,"stat.killEntity.Zombie":26,"stat.drop.minecraft.arrow":1,"stat.pickup.minecraft.snowball":8,"stat.pickup.minecraft.stone_slab":15,"stat.craftItem.minecraft.diamond_axe":1,"stat.mineBlock.minecraft.stone":184,"stat.mineBlock.minecraft.tallgrass":9,"stat.pickup.minecraft.netherrack":3,"stat.diveOneCm":120317,"stat.pickup.minecraft.wheat":23,"stat.pickup.minecraft.chest":1}