{"stat.mineBlock.quark.roots_white_flower":1,"stat.leaveGame":5,"stat.entityKilledBy.techguns.ZombieMiner":1,"stat.pickup.tombstone.familiar_stone":1,"stat.mineBlock.minecraft.sandstone":2,"stat.useItem.minecraft.mutton":1,"stat.craftItem.minecraft.shield":1,"stat.useItem.minecraft.planks":9,"stat.pickup.firstaid.bandage":68,"stat.drop.minecraft.bowl":1,"stat.pickup.minecraft.porkchop":17,"stat.pickup.minecraft.rotten_flesh":9,"stat.pickup.minecraft.sand":1,"stat.craftItem.minecraft.stone_axe":5,"stat.pickup.hammerx.item.hammer":4,"stat.entityKilledBy.techguns.ZombieSoldier":1,"stat.mineBlock.fossil.iced_stone":35,"stat.mineBlock.minecraft.sand":1,"stat.pickup.quark.rune":1,"stat.killEntity.techguns.ZombieFarmer":2,"stat.pickup.quark.tallow":19,"stat.useItem.minecraft.iron_pickaxe":715,"stat.craftItem.minecraft.wooden_pickaxe":2,"stat.craftItem.minecraft.bed":1,"stat.pickup.fossil.volcanic_rock":34,"stat.pickup.fossil.bone_unique_item":1,"stat.pickup.techguns.basicore":49,"stat.furnaceInteraction":60,"stat.craftItem.hammerx.item.hammer":2,"stat.pickup.iceandfire.manuscript":4,"stat.pickup.minecraft.beef":21,"stat.pickup.minecraft.furnace":5,"stat.useItem.minecraft.cooked_mutton":13,"stat.useItem.charm.suspicious_soup":1,"stat.mineBlock.harvestcraft.windygarden":1,"stat.pickup.tombstone.magic_scroll":1,"stat.pickup.mca.rose_gold_ore":2,"stat.pickup.minecraft.emerald":1,"stat.deaths":8,"stat.playOneMinute":223013,"stat.craftItem.minecraft.iron_pickaxe":2,"stat.useItem.overlast.dumpling":15,"stat.mineBlock.minecraft.tallgrass":25,"stat.craftItem.minecraft.cooked_mutton":13,"stat.chestOpened":11,"stat.pickup.minecraft.waterlily":1,"stat.pickup.minecraft.arrow":9,"stat.drop.quark.elder_prismarine":2,"stat.fallOneCm":44562,"stat.pickup.minecraft.carrot":75,"stat.crouchOneCm":26829,"stat.entityKilledBy.techguns.Bandit":1,"stat.craftItem.minecraft.iron_ingot":63,"stat.craftingTableInteraction":54,"stat.pickup.iceandfire.silver_ore":2,"stat.mineBlock.minecraft.log2":148,"stat.pickup.minecraft.feather":7,"stat.mineBlock.fossil.figurine":1,"stat.drop.minecraft.bone":2,"stat.mineBlock.quark.elder_prismarine":22,"stat.killEntity.techguns.ZombieMiner":4,"stat.useItem.minecraft.furnace":1,"stat.pickup.minecraft.dye":64,"stat.pickup.minecraft.wheat_seeds":174,"stat.useItem.minecraft.stone_pickaxe":263,"stat.pickup.waystones.waystone":1,"stat.craftItem.minecraft.iron_leggings":1,"stat.mineBlock.fossil.volcanic_rock":34,"stat.mineBlock.minecraft.dirt":15,"stat.drop.minecraft.stick":8,"stat.flowerPotted":1,"stat.drop.minecraft.iron_axe":1,"stat.useItem.minecraft.torch":103,"stat.mineBlock.iceandfire.sapphire_ore":1,"stat.mineBlock.iceandfire.silver_ore":3,"stat.drop.minecraft.rotten_flesh":2,"stat.pickup.minecraft.crafting_table":8,"stat.useItem.minecraft.cobblestone":396,"stat.mineBlock.techguns.basicore":60,"stat.craftItem.minecraft.crafting_table":9,"stat.pickup.minecraft.log":146,"stat.pickup.usefulbackpacks.backpack":3,"stat.craftItem.usefulbackpacks.backpack":1,"stat.pickup.minecraft.chicken":5,"stat.pickup.minecraft.sapling":11,"stat.pickup.minecraft.apple":11,"stat.mineBlock.overlast.red_leaves":3,"stat.pickup.minecraft.beetroot":12,"stat.craftItem.minecraft.planks":132,"stat.pickup.quark.root":1,"stat.pickup.minecraft.book":5,"stat.mineBlock.minecraft.log":86,"stat.useItem.carryon.entity_item":1,"stat.pickup.minecraft.red_flower":1,"stat.pickup.mutantbeasts.mutant_skeleton_limb":2,"stat.pickup.quark.variant_sapling":42,"stat.sneakTime":9786,"stat.pickup.minecraft.wool":12,"stat.drop.minecraft.stone_pickaxe":2,"stat.pickup.minecraft.bone":20,"stat.pickup.fossil.biofossil":5,"stat.useItem.minecraft.iron_axe":51,"stat.mineBlock.minecraft.cobblestone":48,"stat.useItem.minecraft.log2":7,"stat.pickup.fossil.figurine":1,"stat.pickup.minecraft.flower_pot":1,"stat.mineBlock.charm.crate_sealed":2,"stat.swimOneCm":45837,"stat.climbOneCm":1923,"stat.pickup.minecraft.enchanted_book":1,"stat.useItem.minecraft.dirt":9,"stat.useItem.minecraft.stone_slab2":45,"stat.pickup.minecraft.iron_boots":1,"stat.craftItem.minecraft.furnace":1,"stat.entityKilledBy.mutantbeasts.mutant_enderman":1,"stat.pickup.minecraft.anvil":1,"stat.craftItem.minecraft.stone_pickaxe":3,"stat.mineBlock.minecraft.obsidian":18,"stat.pickup.minecraft.cobblestone":4096,"stat.mineBlock.minecraft.carpet":1,"stat.flyOneCm":560796,"stat.drop.minecraft.wheat_seeds":4,"stat.pickup.minecraft.redstone":205,"stat.mineBlock.minecraft.iron_ore":226,"stat.timeSinceDeath":56441,"stat.pickup.fossil.plant_fossil":8,"stat.pickup.minecraft.mutton":17,"stat.craftItem.minecraft.iron_block":6,"stat.killEntity.techguns.SkeletonSoldier":1,"stat.pickup.minecraft.carpet":1,"stat.mineBlock.minecraft.coal_ore":247,"stat.pickup.minecraft.shield":1,"stat.talkedToVillager":9,"stat.pickup.minecraft.string":6,"stat.drop.usefulbackpacks.backpack":1,"stat.entityKilledBy.Skeleton":2,"stat.craftItem.minecraft.stone_slab2":0,"stat.sprintOneCm":301926,"stat.craftItem.minecraft.stick":100,"stat.pickup.quark.elder_prismarine":4,"stat.craftItem.minecraft.stone":19,"stat.mineBlock.minecraft.diamond_ore":37,"stat.mineBlock.minecraft.crafting_table":8,"stat.pickup.fossil.relic_scrap":6,"stat.useItem.minecraft.diamond_pickaxe":36,"stat.useItem.minecraft.carrot":18,"stat.pickup.overlast.dumpling":50,"stat.drop":19,"stat.killEntity.Sheep":13,"stat.craftItem.minecraft.diamond_pickaxe":1,"stat.killEntity.Zombie":1,"stat.mineBlock.minecraft.gold_ore":17,"stat.diveOneCm":73287,"stat.pickup.minecraft.wheat":24,"stat.drop.minecraft.wooden_pickaxe":1,"stat.pickup.minecraft.gravel":1,"stat.pickup.quark.glass_item_frame":1,"stat.mineBlock.minecraft.anvil":1,"stat.pickup.minecraft.stone_axe":3,"stat.useItem.minecraft.apple":4,"stat.pickup.minecraft.obsidian":18,"stat.mineBlock.quark.roots_black_flower":1,"stat.jump":2669,"stat.pickup.minecraft.coal":286,"stat.pickup.minecraft.iron_helmet":1,"stat.pickup.minecraft.iron_ingot":2,"stat.mineBlock.fossil.fossil":45,"stat.useItem.minecraft.stone_axe":98,"stat.pickup.minecraft.gunpowder":13,"stat.pickup.minecraft.spider_eye":3,"stat.craftItem.minecraft.torch":160,"stat.pickup.minecraft.dirt":14,"stat.pickup.minecraft.iron_ore":226,"stat.mineBlock.mca.rose_gold_ore":2,"stat.pickup.minecraft.gold_ore":23,"stat.mineBlock.minecraft.lapis_ore":10,"stat.pickup.minecraft.iron_axe":1,"stat.pickup.minecraft.leather":18,"stat.damageTaken":2972,"stat.mineBlock.minecraft.furnace":5,"stat.mineBlock.minecraft.torch":28,"stat.useItem.minecraft.wooden_pickaxe":14,"stat.pickup.minecraft.log2":146,"stat.pickup.minecraft.reeds":46,"stat.pickup.minecraft.bed":3,"tombstone:undead_killed":9,"stat.pickup.minecraft.potato":64,"stat.damageDealt":6343,"stat.sleepInBed":5,"stat.killEntity.Cow":10,"stat.killEntity.Pig":9,"stat.pickup.techguns.itemshared":18,"stat.walkOneCm":458675,"stat.useItem.quark.custom_chest":3,"stat.playerKills":1,"stat.pickup.minecraft.stick":24,"stat.craftItem.quark.custom_chest":4,"stat.pickup.techguns.t1_miner_boots":1,"stat.drop.minecraft.iron_block":3,"stat.pickup.techguns.t1_combat_boots":1,"stat.pickup.quark.root_flower":2,"stat.craftItem.minecraft.iron_chestplate":1,"stat.killEntity.Skeleton":1,"stat.killEntity.Chicken":5,"stat.pickup.minecraft.bread":3,"stat.useItem.hammerx.item.hammer":722,"stat.mineBlock.waystones.waystone":1,"stat.mobKills":60,"stat.mineBlock.minecraft.bookshelf":1,"stat.pickup.fossil.broken_sword":1,"stat.pickup.fossil.skull_block":2,"stat.pickup.minecraft.diamond":37,"stat.pickup.minecraft.beetroot_seeds":42,"stat.pickup.minecraft.torch":33,"stat.mineBlock.minecraft.redstone_ore":51,"stat.drop.minecraft.stone_axe":2,"stat.drop.minecraft.arrow":1,"stat.drop.mutantbeasts.mutant_skeleton_limb":1,"stat.mineBlock.minecraft.stone":6259}