{"stat.mineBlock.quark.roots_white_flower":1,"stat.leaveGame":18,"stat.useItem.harvestcraft.amaranthitem":14,"stat.pickup.quark.limestone":54,"stat.pickup.tombstone.familiar_stone":1,"stat.pickup.minecraft.dark_oak_boat":1,"stat.mineBlock.minecraft.sandstone":834,"stat.entityKilledBy.techguns.ZombieFarmer":1,"stat.craftItem.minecraft.shield":1,"stat.pickup.firstaid.bandage":96,"stat.drop.minecraft.feather":1,"stat.pickup.harvestcraft.calamarirawitem":3,"stat.pickup.minecraft.rotten_flesh":12,"stat.useItem.minecraft.sandstone_stairs":21,"stat.craftItem.minecraft.stone_axe":5,"stat.entityKilledBy.techguns.ZombieSoldier":3,"stat.craftItem.srparasites.lurecomponent1":8,"stat.pickup.quark.tallow":19,"stat.useItem.minecraft.iron_pickaxe":715,"stat.craftItem.minecraft.wooden_pickaxe":2,"stat.craftItem.minecraft.bed":1,"stat.craftItem.minecraft.glass_pane":16,"stat.pickup.harvestcraft.onionitem":24,"stat.pickup.fossil.volcanic_rock":58,"stat.pickup.fossil.bone_unique_item":1,"stat.pickup.techguns.basicore":109,"stat.furnaceInteraction":1057,"stat.pickup.harvestcraft.cornitem":14,"stat.pickup.minecraft.nether_brick":5,"stat.pickup.iceandfire.manuscript":4,"stat.pickup.minecraft.beef":21,"stat.craftItem.futuremc.dye":3,"stat.mineBlock.nocubessrpnests.neststonedarkwall":9,"stat.pickup.mca.rose_gold_ore":7,"stat.useItem.minecraft.flint_and_steel":5,"stat.useItem.minecraft.wheat_seeds":5,"stat.pickup.minecraft.emerald":1,"stat.craftItem.securitycraft.laser_block":4,"stat.pickup.securitycraft.universal_block_reinforcer_lvl2":1,"stat.craftItem.minecraft.dark_oak_boat":3,"stat.deaths":93,"stat.craftItem.minecraft.iron_pickaxe":2,"stat.entityKilledBy.techguns.ZombiePigmanSoldier":7,"stat.mineBlock.minecraft.tallgrass":1260,"stat.craftItem.minecraft.cooked_mutton":18,"stat.chestOpened":28,"stat.useItem.minecraft.stone":1,"stat.pickup.minecraft.arrow":9,"stat.drop.quark.elder_prismarine":2,"stat.mineBlock.nocubessrpnests.neststonedark":22,"stat.pickup.harvestcraft.chilipepperitem":19,"stat.pickup.minecraft.carrot":86,"stat.crouchOneCm":232269,"stat.craftItem.minecraft.iron_ingot":200,"stat.craftingTableInteraction":134,"stat.pickup.minecraft.nether_brick_fence":1,"stat.pickup.iceandfire.silver_ore":6,"stat.mineBlock.minecraft.log2":152,"stat.mineBlock.fossil.figurine":1,"stat.useItem.minecraft.reeds":76,"stat.pickup.minecraft.dye":68,"stat.useItem.harvestcraft.lettuceitem":15,"stat.craftItem.minecraft.diamond_shovel":2,"stat.pickup.minecraft.wheat_seeds":463,"stat.killEntity.techguns.ZombiePigmanSoldier":1,"stat.mineBlock.fossil.volcanic_rock":62,"stat.mineBlock.minecraft.dirt":2589,"stat.pickup.minecraft.poisonous_potato":1,"stat.flowerPotted":1,"stat.pickup.securitycraft.reinforced_glass_block":8,"stat.useItem.minecraft.bread":2,"stat.mineBlock.iceandfire.sapphire_ore":1,"stat.mineBlock.iceandfire.silver_ore":7,"stat.drop.minecraft.rotten_flesh":4,"stat.craftItem.securitycraft.portable_radar":1,"stat.useItem.minecraft.cobblestone":609,"stat.pickup.minecraft.magma":26,"stat.mineBlock.minecraft.double_plant":39,"stat.pickup.minecraft.chicken":5,"stat.pickup.minecraft.apple":12,"stat.craftItem.minecraft.bucket":12,"stat.craftItem.minecraft.planks":388,"stat.itemEnchanted":4,"stat.pickup.futuremc.cornflower":59,"stat.drop.futuremc.cornflower":10,"stat.useItem.harvestcraft.artichokeitem":9,"stat.useItem.securitycraft.universal_block_remover":243,"stat.pickup.minecraft.stone_sword":1,"stat.pickup.minecraft.book":5,"stat.mineBlock.minecraft.log":96,"stat.useItem.carryon.entity_item":1,"stat.useItem.harvestcraft.elderberryitem":13,"stat.craftItem.minecraft.paper":3,"stat.pickup.minecraft.red_flower":17,"stat.pickup.mutantbeasts.mutant_skeleton_limb":5,"stat.pickup.minecraft.wool":12,"stat.pickup.fossil.biofossil":21,"stat.useItem.minecraft.iron_axe":371,"stat.pickup.nocubessrpnests.neststonedarkwall":9,"stat.mineBlock.minecraft.cobblestone":205,"stat.pickup.minecraft.flint":3,"stat.useItem.techguns.basicore":11,"stat.mineBlock.minecraft.yellow_flower":18,"stat.mineBlock.srparasites.gore":82,"stat.pickup.minecraft.flower_pot":1,"stat.pickup.minecraft.enchanted_book":1,"stat.drop.minecraft.cobblestone":4,"stat.killEntity.techguns.ZombieSoldier":5,"stat.useItem.minecraft.obsidian":10,"stat.useItem.minecraft.stone_slab2":231,"stat.pickup.minecraft.iron_boots":2,"stat.useItem.harvestcraft.wintersquashitem":15,"stat.craftItem.minecraft.furnace":19,"stat.craftItem.minecraft.iron_boots":2,"stat.craftItem.minecraft.spruce_boat":1,"stat.craftItem.minecraft.cooked_beef":12,"stat.mineBlock.minecraft.obsidian":25,"stat.craftItem.minecraft.bow":1,"stat.pickup.mutantbeasts.mutant_skeleton_rib":1,"stat.useItem.nocubessrpnests.neststonedark":2,"stat.mineBlock.minecraft.clay":2,"stat.flyOneCm":2270647,"stat.pickup.minecraft.sandstone":743,"stat.pickup.minecraft.fish":1,"stat.timeSinceDeath":1488,"stat.craftItem.minecraft.iron_block":9,"stat.craftItem.minecraft.stonebrick":7956,"stat.useItem.minecraft.potato":28,"stat.mineBlock.minecraft.coal_ore":390,"stat.pickup.minecraft.shield":1,"stat.killEntity.Creeper":2,"stat.talkedToVillager":16,"stat.pickup.minecraft.string":11,"stat.drop.usefulbackpacks.backpack":1,"stat.pickup.tombstone.crafting_ingredient":4,"stat.pickup.techguns.t1_scout_helmet":1,"stat.entityKilledBy.Skeleton":2,"stat.killEntity.Squid":2,"stat.sprintOneCm":1472953,"stat.useItem.minecraft.diamond_shovel":3011,"stat.mineBlock.minecraft.stone_slab":58,"stat.drop.harvestcraft.barleyitem":1,"stat.pickup.quark.elder_prismarine":4,"stat.mineBlock.minecraft.diamond_ore":53,"stat.useItem.minecraft.snowball":56,"stat.pickup.fossil.relic_scrap":22,"stat.waystones:waystonesActivated":1,"stat.pickup.overlast.dumpling":60,"stat.pickup.harvestcraft.mustardseedsitem":15,"stat.pickup.harvestcraft.flaxitem":23,"stat.killEntity.Zombie":4,"stat.pickup.minecraft.snowball":123,"stat.mineBlock.minecraft.gold_ore":17,"stat.diveOneCm":160797,"stat.pickup.minecraft.wheat":68,"stat.killEntity.techguns.PsychoSteve":1,"stat.craftItem.minecraft.cooked_porkchop":12,"stat.useItem.minecraft.chicken":1,"stat.pickup.minecraft.stone_axe":3,"stat.pickup.minecraft.obsidian":25,"stat.jump":10972,"stat.useItem.minecraft.sand":5,"stat.pickup.minecraft.coal":406,"stat.pickup.minecraft.iron_ingot":4,"stat.useItem.minecraft.dark_oak_boat":4,"stat.mineBlock.fossil.fossil":109,"stat.pickup.minecraft.gunpowder":35,"stat.craftItem.minecraft.torch":376,"stat.mineBlock.nocubessrpnests.neststonelightwall":4,"stat.pickup.minecraft.dirt":2651,"stat.pickup.minecraft.gold_ore":23,"stat.mineBlock.minecraft.lapis_ore":10,"stat.pickup.minecraft.iron_axe":1,"stat.damageTaken":29763,"stat.mineBlock.minecraft.torch":43,"stat.mineBlock.minecraft.red_flower":17,"stat.pickup.minecraft.magma_cream":1,"stat.pickup.srparasites.assimilated_flesh":21,"stat.pickup.minecraft.log2":150,"stat.mineBlock.minecraft.sandstone_stairs":26,"stat.pickup.minecraft.bed":4,"stat.pickup.minecraft.potato":180,"stat.pickup.srparasites.dispatcher_drop":4,"stat.pickup.harvestcraft.lettuceitem":22,"stat.entityKilledBy.if_cockatrice":1,"stat.useItem.harvestcraft.onionitem":14,"stat.drop.techguns.itemshared":1,"stat.craftItem.securitycraft.universal_block_reinforcer_lvl2":1,"stat.craftItem.securitycraft.universal_block_reinforcer_lvl1":3,"stat.pickup.techguns.itemshared":41,"stat.animalsBred":1,"stat.useItem.minecraft.lava_bucket":10,"stat.drop.minecraft.netherrack":4,"stat.useItem.securitycraft.reinforced_stone_brick":5680,"stat.craftItem.minecraft.iron_chestplate":3,"stat.drop.srparasites.assimilated_flesh":15,"stat.useItem.minecraft.netherrack":296,"stat.useItem.harvestcraft.parsnipitem":18,"stat.pickup.harvestcraft.queenbeeitem":1,"stat.pickup.harvestcraft.cucumberitem":18,"stat.pickup.harvestcraft.strawberryitem":18,"stat.useItem.hammerx.item.hammer":1729,"stat.mineBlock.waystones.waystone":1,"stat.mobKills":180,"stat.mineBlock.minecraft.bookshelf":1,"stat.pickup.fossil.broken_sword":3,"stat.craftItem.minecraft.shears":1,"stat.pickup.fossil.skull_block":7,"stat.pickup.minecraft.diamond":53,"stat.pickup.minecraft.beetroot_seeds":42,"stat.pickup.minecraft.torch":60,"stat.drop.minecraft.stone_axe":2,"stat.drop.minecraft.arrow":1,"stat.mineBlock.quark.netherrack_speleothem":1,"stat.entityKilledBy.techguns.ZombieMiner":2,"stat.craftItem.minecraft.iron_axe":2,"stat.useItem.minecraft.mutton":1,"stat.pickup.srparasites.parasitecanister":4,"stat.useItem.minecraft.planks":105,"stat.drop.minecraft.bowl":1,"stat.pickup.minecraft.porkchop":17,"stat.pickup.nocubessrpnests.neststonedark":22,"stat.useItem.minecraft.water_bucket":8,"stat.mineBlock.minecraft.nether_brick_fence":2,"stat.drop.minecraft.poisonous_potato":1,"stat.pickup.minecraft.sand":200,"stat.pickup.hammerx.item.hammer":5,"stat.pickup.fossil.bone_leg_bone":1,"stat.pickup.harvestcraft.wintersquashitem":19,"stat.mineBlock.fossil.iced_stone":41,"stat.pickup.nocubessrpnests.neststonespikes":9,"stat.mineBlock.minecraft.snow_layer":56,"stat.mineBlock.minecraft.sand":210,"stat.pickup.quark.rune":1,"stat.craftItem.minecraft.wooden_hoe":1,"stat.killEntity.techguns.ZombieFarmer":6,"stat.pickup.srparasites.lurecomponent2":1,"stat.pickup.srparasites.lurecomponent3":3,"stat.mineBlock.futuremc.cornflower":36,"stat.pickup.srparasites.lurecomponent1":9,"stat.craftItem.hammerx.item.hammer":2,"stat.drop.minecraft.stone_slab":49,"stat.pickup.minecraft.furnace":5,"stat.useItem.minecraft.cooked_mutton":18,"stat.mineBlock.nocubessrpsurvival.craterupterviscera":2,"stat.useItem.charm.suspicious_soup":1,"stat.mineBlock.harvestcraft.windygarden":109,"stat.pickup.minecraft.iron_chestplate":1,"stat.useItem.minecraft.stone_stairs":77,"stat.pickup.tombstone.magic_scroll":3,"stat.entityKilledBy.mutantbeasts.mutant_skeleton":4,"stat.pickup.minecraft.stone_stairs":7,"stat.pickup.nocubessrpnests.neststonelight":9,"stat.drop.minecraft.snowball":16,"stat.playOneMinute":885075,"stat.craftItem.minecraft.diamond_block":5,"stat.useItem.overlast.dumpling":19,"stat.pickup.minecraft.netherrack":315,"stat.useItem.securitycraft.reinforced_sandstone":539,"stat.useItem.minecraft.fish":1,"stat.mineBlock.minecraft.netherrack":320,"stat.pickup.minecraft.waterlily":1,"stat.mineBlock.minecraft.ice":44,"stat.fallOneCm":154329,"stat.useItem.harvestcraft.chilipepperitem":14,"stat.entityKilledBy.techguns.Bandit":4,"stat.useItem.harvestcraft.bellpepperitem":15,"stat.pickup.minecraft.red_mushroom":2,"stat.entityKilledBy.techguns.CyberDemon":6,"stat.useItem.nocubessrpsurvival.flesheater":48,"stat.craftItem.nocubessrpsurvival.craterupterviscera":2,"stat.killEntity.techguns.Bandit":2,"stat.mineBlock.quark.limestone":67,"stat.pickup.minecraft.feather":8,"stat.drop.minecraft.bone":2,"stat.mineBlock.quark.elder_prismarine":22,"stat.killEntity.techguns.ZombieMiner":12,"stat.useItem.minecraft.furnace":12,"stat.mineBlock.minecraft.gravel":18,"stat.useItem.minecraft.stone_pickaxe":263,"stat.pickup.waystones.waystone":1,"stat.craftItem.minecraft.iron_leggings":3,"stat.useItem.minecraft.stone_sword":64,"stat.drop.minecraft.stick":8,"stat.drop.minecraft.iron_axe":1,"stat.useItem.minecraft.torch":276,"stat.craftItem.minecraft.redstone_block":14,"stat.craftItem.minecraft.stone_stairs":248,"stat.pickup.minecraft.crafting_table":8,"stat.mineBlock.techguns.basicore":126,"stat.craftItem.minecraft.crafting_table":10,"stat.mineBlock.nocubessrpnests.neststonelight":9,"stat.killEntity.LavaSlime":14,"stat.pickup.minecraft.iron_hoe":2,"stat.craftItem.srparasites.evolutionlure":4,"stat.pickup.minecraft.log":156,"stat.pickup.usefulbackpacks.backpack":3,"stat.craftItem.usefulbackpacks.backpack":1,"stat.pickup.minecraft.sapling":18,"stat.mineBlock.overlast.red_leaves":5,"stat.pickup.minecraft.beetroot":12,"stat.pickup.harvestcraft.parsnipitem":18,"stat.craftItem.securitycraft.reinforced_stained_glass":8,"stat.pickup.quark.root":1,"stat.craftItem.minecraft.cooked_chicken":4,"stat.pickup.quark.variant_sapling":42,"stat.sneakTime":50864,"stat.useItem.minecraft.baked_potato":32,"stat.pickup.minecraft.stone_slab":117,"stat.pickup.minecraft.yellow_flower":24,"stat.craftItem.minecraft.enchanting_table":1,"stat.drop.minecraft.stone_pickaxe":2,"stat.pickup.minecraft.bone":40,"stat.useItem.minecraft.log2":7,"stat.pickup.fossil.figurine":1,"stat.craftItem.securitycraft.sentry":1,"stat.mineBlock.charm.crate_sealed":2,"stat.swimOneCm":155601,"stat.climbOneCm":10548,"stat.pickup.harvestcraft.artichokeitem":13,"stat.craftItem.minecraft.gold_block":2,"stat.pickup.nocubessrpsurvival.craterupterviscera":2,"stat.useItem.harvestcraft.strawberryitem":14,"stat.useItem.minecraft.dirt":1530,"stat.drop.minecraft.quartz":5,"stat.useItem.harvestcraft.barleyitem":7,"stat.entityKilledBy.mutantbeasts.mutant_enderman":2,"stat.pickup.securitycraft.reinforced_metals":5,"stat.pickup.minecraft.anvil":1,"stat.useItem.minecraft.iron_ore":4,"stat.craftItem.minecraft.stone_pickaxe":3,"stat.mineBlock.minecraft.magma":26,"stat.pickup.minecraft.cobblestone":10274,"stat.mineBlock.minecraft.carpet":1,"stat.drop.minecraft.wheat_seeds":53,"stat.useItem.minecraft.cooked_beef":7,"stat.pickup.minecraft.redstone":229,"stat.craftItem.minecraft.dispenser":1,"stat.mineBlock.minecraft.iron_ore":280,"stat.craftItem.minecraft.book":1,"stat.useItem.nocubessrpsurvival.craterupterviscera":1,"stat.pickup.fossil.plant_fossil":13,"stat.pickup.minecraft.mutton":17,"stat.killEntity.techguns.SkeletonSoldier":3,"stat.craftItem.torchmaster.mega_torch":1,"stat.useItem.harvestcraft.cornitem":5,"stat.pickup.minecraft.stonebrick":186,"stat.useItem.minecraft.cooked_porkchop":12,"stat.pickup.minecraft.carpet":1,"stat.mineBlock.minecraft.nether_brick":5,"stat.entityKilledBy.techguns.PsychoSteve":3,"stat.craftItem.minecraft.stone_slab2":0,"stat.pickup.minecraft.sandstone_stairs":25,"stat.useItem.harvestcraft.cucumberitem":13,"stat.craftItem.minecraft.stick":212,"stat.useItem.minecraft.stone_slab":4,"stat.craftItem.minecraft.stone":7988,"stat.pickup.harvestcraft.barleyitem":17,"stat.pickup.techguns.t1_miner_leggings":1,"stat.pickup.minecraft.grass":1,"stat.mineBlock.minecraft.crafting_table":9,"stat.useItem.minecraft.diamond_pickaxe":851,"stat.useItem.minecraft.carrot":26,"stat.useItem.minecraft.wheat":43,"stat.entityKilledBy.Creeper":1,"stat.mineBlock.minecraft.planks":1,"stat.drop":43,"stat.killEntity.Sheep":13,"stat.craftItem.minecraft.diamond_pickaxe":1,"stat.craftItem.securitycraft.universal_block_remover":1,"stat.drop.minecraft.wooden_pickaxe":1,"stat.pickup.minecraft.gravel":16,"stat.pickup.quark.glass_item_frame":1,"stat.mineBlock.minecraft.anvil":1,"stat.useItem.minecraft.apple":4,"stat.mineBlock.quark.roots_black_flower":1,"stat.useItem.minecraft.porkchop":3,"stat.useItem.minecraft.wooden_hoe":27,"stat.pickup.minecraft.iron_helmet":1,"stat.useItem.minecraft.stone_axe":98,"stat.entityKilledBy.CaveSpider":1,"stat.pickup.harvestcraft.peanutitem":16,"stat.pickup.minecraft.spider_eye":3,"stat.craftItem.minecraft.iron_helmet":1,"stat.pickup.harvestcraft.bellpepperitem":20,"stat.pickup.minecraft.iron_ore":279,"stat.mineBlock.mca.rose_gold_ore":7,"stat.boatOneCm":137436,"stat.craftItem.minecraft.flint_and_steel":1,"stat.entityKilledBy.techguns.SkeletonSoldier":2,"stat.mineBlock.minecraft.stone_stairs":7,"stat.pickup.minecraft.leather":18,"stat.craftItem.nocubessrpsurvival.flesheater":1,"stat.useItem.harvestcraft.flaxitem":12,"stat.drop.securitycraft.reinforced_sandstone":1,"stat.mineBlock.minecraft.furnace":5,"stat.useItem.minecraft.wooden_pickaxe":14,"stat.mineBlock.nocubessrpnests.neststonespikes":9,"stat.useItem.harvestcraft.mustardseedsitem":3,"stat.pickup.minecraft.reeds":281,"tombstone:undead_killed":34,"stat.useItem.tombstone.grave_key":2,"stat.useItem.srparasites.evolutionlure":3,"stat.damageDealt":21817,"stat.craftItem.minecraft.glass":17,"stat.sleepInBed":33,"stat.craftItem.minecraft.baked_potato":96,"stat.killEntity.Cow":10,"stat.killEntity.Pig":9,"stat.pickup.harvestcraft.elderberryitem":17,"stat.walkOneCm":2595646,"stat.useItem.quark.custom_chest":6,"stat.playerKills":4,"stat.pickup.minecraft.stick":25,"stat.craftItem.quark.custom_chest":10,"stat.pickup.techguns.t1_miner_boots":1,"stat.pickup.minecraft.clay_ball":8,"stat.pickup.securitycraft.reinforced_stone_brick":5782,"stat.useItem.minecraft.spruce_boat":1,"stat.drop.minecraft.iron_block":3,"stat.pickup.techguns.t1_combat_boots":2,"stat.pickup.quark.root_flower":2,"stat.drop.minecraft.iron_chestplate":1,"stat.pickup.securitycraft.reinforced_sandstone":744,"stat.pickup.nocubessrpnests.neststonelightwall":4,"stat.craftItem.minecraft.redstone":18,"stat.mineBlock.minecraft.packed_ice":2,"stat.killEntity.Skeleton":3,"stat.pickup.harvestcraft.amaranthitem":18,"stat.killEntity.Chicken":5,"stat.mineBlock.srparasites.infestremain":11,"stat.killEntity.Spider":3,"stat.pickup.minecraft.bread":9,"stat.mineBlock.minecraft.quartz_ore":11,"stat.pickup.minecraft.quartz":10,"stat.mineBlock.minecraft.leaves":2,"stat.mineBlock.srparasites.parasitecanister":6,"stat.mineBlock.minecraft.redstone_ore":55,"stat.drop.mutantbeasts.mutant_skeleton_limb":3,"stat.mineBlock.minecraft.stone":12506,"stat.useItem.minecraft.sandstone":1}