{"stat.mineBlock.quark.roots_white_flower":1,"stat.mineBlock.quark.netherrack_speleothem":1,"stat.leaveGame":10,"stat.entityKilledBy.techguns.ZombieMiner":1,"stat.pickup.quark.limestone":54,"stat.pickup.tombstone.familiar_stone":1,"stat.mineBlock.minecraft.sandstone":2,"stat.useItem.minecraft.mutton":1,"stat.pickup.srparasites.parasitecanister":1,"stat.craftItem.minecraft.shield":1,"stat.useItem.minecraft.planks":9,"stat.pickup.firstaid.bandage":94,"stat.drop.minecraft.bowl":1,"stat.pickup.minecraft.porkchop":17,"stat.useItem.minecraft.water_bucket":8,"stat.pickup.minecraft.rotten_flesh":9,"stat.mineBlock.minecraft.nether_brick_fence":1,"stat.pickup.minecraft.sand":2,"stat.craftItem.minecraft.stone_axe":5,"stat.pickup.hammerx.item.hammer":5,"stat.entityKilledBy.techguns.ZombieSoldier":1,"stat.mineBlock.fossil.iced_stone":41,"stat.mineBlock.minecraft.sand":2,"stat.pickup.quark.rune":1,"stat.craftItem.minecraft.wooden_hoe":1,"stat.killEntity.techguns.ZombieFarmer":2,"stat.pickup.quark.tallow":19,"stat.useItem.minecraft.iron_pickaxe":715,"stat.craftItem.minecraft.wooden_pickaxe":2,"stat.craftItem.minecraft.bed":1,"stat.pickup.fossil.volcanic_rock":48,"stat.pickup.fossil.bone_unique_item":1,"stat.pickup.techguns.basicore":65,"stat.furnaceInteraction":214,"stat.pickup.harvestcraft.cornitem":4,"stat.pickup.srparasites.lurecomponent2":1,"stat.pickup.srparasites.lurecomponent3":3,"stat.pickup.srparasites.lurecomponent1":5,"stat.craftItem.hammerx.item.hammer":2,"stat.pickup.minecraft.nether_brick":5,"stat.pickup.iceandfire.manuscript":4,"stat.pickup.minecraft.beef":21,"stat.pickup.minecraft.furnace":5,"stat.useItem.minecraft.cooked_mutton":18,"stat.useItem.charm.suspicious_soup":1,"stat.mineBlock.harvestcraft.windygarden":1,"stat.pickup.minecraft.iron_chestplate":1,"stat.useItem.minecraft.stone_stairs":77,"stat.pickup.tombstone.magic_scroll":1,"stat.pickup.mca.rose_gold_ore":7,"stat.pickup.minecraft.stone_stairs":7,"stat.useItem.minecraft.flint_and_steel":5,"stat.useItem.minecraft.wheat_seeds":5,"stat.pickup.minecraft.emerald":1,"stat.pickup.securitycraft.universal_block_reinforcer_lvl2":1,"stat.craftItem.minecraft.dark_oak_boat":2,"stat.deaths":27,"stat.playOneMinute":342774,"stat.craftItem.minecraft.iron_pickaxe":2,"stat.craftItem.minecraft.diamond_block":3,"stat.useItem.overlast.dumpling":15,"stat.entityKilledBy.techguns.ZombiePigmanSoldier":4,"stat.mineBlock.minecraft.tallgrass":79,"stat.craftItem.minecraft.cooked_mutton":18,"stat.pickup.minecraft.netherrack":308,"stat.chestOpened":14,"stat.useItem.minecraft.fish":1,"stat.mineBlock.minecraft.netherrack":313,"stat.pickup.minecraft.waterlily":1,"stat.pickup.minecraft.arrow":9,"stat.drop.quark.elder_prismarine":2,"stat.mineBlock.minecraft.ice":23,"stat.fallOneCm":72316,"stat.pickup.minecraft.carrot":75,"stat.crouchOneCm":39222,"stat.entityKilledBy.techguns.Bandit":2,"stat.craftItem.minecraft.iron_ingot":172,"stat.pickup.minecraft.red_mushroom":2,"stat.entityKilledBy.techguns.CyberDemon":4,"stat.craftingTableInteraction":81,"stat.pickup.minecraft.nether_brick_fence":1,"stat.pickup.iceandfire.silver_ore":4,"stat.mineBlock.minecraft.log2":148,"stat.killEntity.techguns.Bandit":2,"stat.mineBlock.quark.limestone":54,"stat.pickup.minecraft.feather":7,"stat.mineBlock.fossil.figurine":1,"stat.drop.minecraft.bone":2,"stat.mineBlock.quark.elder_prismarine":22,"stat.killEntity.techguns.ZombieMiner":5,"stat.useItem.minecraft.furnace":6,"stat.useItem.minecraft.reeds":27,"stat.pickup.minecraft.dye":64,"stat.pickup.minecraft.wheat_seeds":188,"stat.mineBlock.minecraft.gravel":11,"stat.useItem.minecraft.stone_pickaxe":263,"stat.pickup.waystones.waystone":1,"stat.craftItem.minecraft.iron_leggings":1,"stat.killEntity.techguns.ZombiePigmanSoldier":1,"stat.mineBlock.fossil.volcanic_rock":48,"stat.mineBlock.minecraft.dirt":31,"stat.drop.minecraft.stick":8,"stat.flowerPotted":1,"stat.drop.minecraft.iron_axe":1,"stat.useItem.minecraft.torch":159,"stat.mineBlock.iceandfire.sapphire_ore":1,"stat.mineBlock.iceandfire.silver_ore":5,"stat.drop.minecraft.rotten_flesh":2,"stat.craftItem.minecraft.stone_stairs":248,"stat.pickup.minecraft.crafting_table":8,"stat.craftItem.securitycraft.portable_radar":1,"stat.useItem.minecraft.cobblestone":534,"stat.mineBlock.techguns.basicore":76,"stat.craftItem.minecraft.crafting_table":10,"stat.killEntity.LavaSlime":14,"stat.pickup.minecraft.log":150,"stat.pickup.usefulbackpacks.backpack":3,"stat.craftItem.usefulbackpacks.backpack":1,"stat.pickup.minecraft.chicken":5,"stat.pickup.minecraft.sapling":12,"stat.pickup.minecraft.apple":12,"stat.mineBlock.overlast.red_leaves":5,"stat.pickup.minecraft.beetroot":12,"stat.craftItem.minecraft.bucket":9,"stat.craftItem.minecraft.planks":192,"stat.itemEnchanted":2,"stat.pickup.quark.root":1,"stat.pickup.minecraft.book":5,"stat.mineBlock.minecraft.log":90,"stat.craftItem.minecraft.cooked_chicken":4,"stat.useItem.carryon.entity_item":1,"stat.craftItem.minecraft.paper":3,"stat.pickup.minecraft.red_flower":1,"stat.pickup.mutantbeasts.mutant_skeleton_limb":2,"stat.pickup.quark.variant_sapling":42,"stat.sneakTime":13512,"stat.pickup.minecraft.wool":12,"stat.useItem.minecraft.baked_potato":10,"stat.craftItem.minecraft.enchanting_table":1,"stat.drop.minecraft.stone_pickaxe":2,"stat.pickup.minecraft.bone":23,"stat.pickup.fossil.biofossil":9,"stat.useItem.minecraft.iron_axe":174,"stat.mineBlock.minecraft.cobblestone":58,"stat.useItem.minecraft.log2":7,"stat.pickup.minecraft.flint":1,"stat.useItem.techguns.basicore":6,"stat.mineBlock.srparasites.gore":3,"stat.pickup.fossil.figurine":1,"stat.pickup.minecraft.flower_pot":1,"stat.craftItem.securitycraft.sentry":1,"stat.mineBlock.charm.crate_sealed":2,"stat.swimOneCm":52458,"stat.climbOneCm":1923,"stat.pickup.minecraft.enchanted_book":1,"stat.killEntity.techguns.ZombieSoldier":1,"stat.useItem.minecraft.obsidian":10,"stat.useItem.minecraft.dirt":14,"stat.drop.minecraft.quartz":5,"stat.useItem.minecraft.stone_slab2":77,"stat.pickup.minecraft.iron_boots":2,"stat.craftItem.minecraft.furnace":9,"stat.entityKilledBy.mutantbeasts.mutant_enderman":1,"stat.pickup.securitycraft.reinforced_metals":3,"stat.craftItem.minecraft.iron_boots":1,"stat.pickup.minecraft.anvil":1,"stat.craftItem.minecraft.stone_pickaxe":3,"stat.craftItem.minecraft.cooked_beef":12,"stat.mineBlock.minecraft.obsidian":25,"stat.pickup.minecraft.cobblestone":5754,"stat.mineBlock.minecraft.carpet":1,"stat.craftItem.minecraft.bow":1,"stat.mineBlock.minecraft.clay":2,"stat.flyOneCm":861844,"stat.pickup.minecraft.fish":1,"stat.drop.minecraft.wheat_seeds":4,"stat.useItem.minecraft.cooked_beef":7,"stat.pickup.minecraft.redstone":209,"stat.craftItem.minecraft.dispenser":1,"stat.mineBlock.minecraft.iron_ore":252,"stat.craftItem.minecraft.book":1,"stat.timeSinceDeath":18007,"stat.pickup.fossil.plant_fossil":10,"stat.pickup.minecraft.mutton":17,"stat.craftItem.minecraft.iron_block":9,"stat.killEntity.techguns.SkeletonSoldier":2,"stat.useItem.minecraft.potato":10,"stat.useItem.minecraft.cooked_porkchop":6,"stat.pickup.minecraft.carpet":1,"stat.mineBlock.minecraft.coal_ore":275,"stat.mineBlock.minecraft.nether_brick":5,"stat.pickup.minecraft.shield":1,"stat.talkedToVillager":9,"stat.pickup.minecraft.string":9,"stat.entityKilledBy.techguns.PsychoSteve":3,"stat.drop.usefulbackpacks.backpack":1,"stat.pickup.techguns.t1_scout_helmet":1,"stat.entityKilledBy.Skeleton":2,"stat.craftItem.minecraft.stone_slab2":0,"stat.sprintOneCm":506736,"stat.craftItem.minecraft.stick":132,"stat.pickup.quark.elder_prismarine":4,"stat.craftItem.minecraft.stone":1074,"stat.mineBlock.minecraft.diamond_ore":53,"stat.mineBlock.minecraft.crafting_table":9,"stat.pickup.fossil.relic_scrap":11,"stat.useItem.minecraft.diamond_pickaxe":480,"stat.useItem.minecraft.carrot":18,"stat.pickup.overlast.dumpling":50,"stat.drop":24,"stat.killEntity.Sheep":13,"stat.craftItem.minecraft.diamond_pickaxe":1,"stat.killEntity.Zombie":1,"stat.pickup.minecraft.snowball":1,"stat.mineBlock.minecraft.gold_ore":17,"stat.diveOneCm":81414,"stat.pickup.minecraft.wheat":26,"stat.killEntity.techguns.PsychoSteve":1,"stat.drop.minecraft.wooden_pickaxe":1,"stat.pickup.minecraft.gravel":12,"stat.pickup.quark.glass_item_frame":1,"stat.craftItem.minecraft.cooked_porkchop":6,"stat.mineBlock.minecraft.anvil":1,"stat.pickup.minecraft.stone_axe":3,"stat.useItem.minecraft.apple":4,"stat.pickup.minecraft.obsidian":25,"stat.mineBlock.quark.roots_black_flower":1,"stat.useItem.minecraft.porkchop":3,"stat.jump":4468,"stat.useItem.minecraft.wooden_hoe":8,"stat.pickup.minecraft.coal":313,"stat.pickup.minecraft.iron_helmet":1,"stat.pickup.minecraft.iron_ingot":3,"stat.useItem.minecraft.dark_oak_boat":2,"stat.mineBlock.fossil.fossil":63,"stat.useItem.minecraft.stone_axe":98,"stat.pickup.minecraft.gunpowder":16,"stat.pickup.minecraft.spider_eye":3,"stat.craftItem.minecraft.torch":264,"stat.pickup.minecraft.dirt":34,"stat.pickup.minecraft.iron_ore":252,"stat.mineBlock.mca.rose_gold_ore":7,"stat.boatOneCm":51053,"stat.pickup.minecraft.gold_ore":23,"stat.mineBlock.minecraft.lapis_ore":10,"stat.craftItem.minecraft.flint_and_steel":1,"stat.pickup.minecraft.iron_axe":1,"stat.mineBlock.minecraft.stone_stairs":7,"stat.pickup.minecraft.leather":18,"stat.damageTaken":10149,"stat.mineBlock.minecraft.furnace":5,"stat.mineBlock.minecraft.torch":36,"stat.useItem.minecraft.wooden_pickaxe":14,"stat.pickup.minecraft.magma_cream":1,"stat.pickup.srparasites.assimilated_flesh":3,"stat.pickup.minecraft.log2":146,"stat.pickup.minecraft.reeds":57,"stat.pickup.minecraft.bed":3,"tombstone:undead_killed":13,"stat.pickup.minecraft.potato":74,"stat.damageDealt":10495,"stat.sleepInBed":7,"stat.craftItem.minecraft.baked_potato":39,"stat.killEntity.Cow":10,"stat.killEntity.Pig":9,"stat.drop.techguns.itemshared":1,"stat.pickup.techguns.itemshared":25,"stat.walkOneCm":733133,"stat.useItem.quark.custom_chest":4,"stat.playerKills":1,"stat.pickup.minecraft.stick":25,"stat.craftItem.quark.custom_chest":6,"stat.pickup.techguns.t1_miner_boots":1,"stat.pickup.minecraft.clay_ball":8,"stat.useItem.minecraft.lava_bucket":2,"stat.drop.minecraft.netherrack":4,"stat.drop.minecraft.iron_block":3,"stat.pickup.techguns.t1_combat_boots":2,"stat.pickup.quark.root_flower":2,"stat.drop.minecraft.iron_chestplate":1,"stat.craftItem.minecraft.iron_chestplate":2,"stat.mineBlock.minecraft.packed_ice":1,"stat.drop.srparasites.assimilated_flesh":1,"stat.useItem.minecraft.netherrack":296,"stat.killEntity.Skeleton":1,"stat.killEntity.Chicken":5,"stat.pickup.harvestcraft.queenbeeitem":1,"stat.pickup.minecraft.bread":5,"stat.mineBlock.minecraft.quartz_ore":11,"stat.useItem.hammerx.item.hammer":954,"stat.mineBlock.waystones.waystone":1,"stat.mobKills":98,"stat.mineBlock.minecraft.bookshelf":1,"stat.pickup.fossil.broken_sword":2,"stat.pickup.minecraft.quartz":10,"stat.pickup.fossil.skull_block":6,"stat.pickup.minecraft.diamond":53,"stat.pickup.minecraft.beetroot_seeds":42,"stat.mineBlock.minecraft.leaves":2,"stat.pickup.minecraft.torch":46,"stat.mineBlock.srparasites.parasitecanister":3,"stat.mineBlock.minecraft.redstone_ore":52,"stat.drop.minecraft.stone_axe":2,"stat.drop.minecraft.arrow":1,"stat.drop.mutantbeasts.mutant_skeleton_limb":1,"stat.mineBlock.minecraft.stone":7996}