{"stat.chestOpened":17,"stat.craftItem.minecraft.diamond_chestplate":1,"stat.pickup.minecraft.bone":1,"stat.craftItem.minecraft.diamond_leggings":1,"stat.drop.minecraft.wooden_pickaxe":1,"stat.leaveGame":5,"stat.pickup.minecraft.arrow":1,"stat.mineBlock.minecraft.cobblestone":3,"stat.useItem.minecraft.diamond_axe":3,"stat.entityKilledBy.techguns.ZombieMiner":1,"stat.useItem.minecraft.diamond_sword":79,"stat.craftItem.minecraft.diamond_helmet":1,"stat.pickup.iceandfire.silver_nugget":1,"stat.useItem.minecraft.mutton":1,"stat.craftItem.minecraft.diamond_sword":1,"stat.drop.minecraft.sandstone":64,"stat.jump":488,"stat.swimOneCm":1234,"stat.pickup.minecraft.coal":10,"stat.fallOneCm":61826,"stat.useItem.minecraft.stone_axe":32,"stat.pickup.minecraft.gunpowder":2,"stat.crouchOneCm":5129,"stat.useItem.harvestcraft.pearitem":2,"stat.pickup.minecraft.dirt":1,"stat.useItem.minecraft.stone_slab2":8,"stat.craftingTableInteraction":17,"stat.pickup.minecraft.rotten_flesh":2,"stat.pickup.minecraft.sand":2,"stat.pickup.torchmaster.feral_flare_lantern":1,"stat.craftItem.minecraft.stone_axe":2,"stat.mineBlock.minecraft.log2":16,"stat.pickup.minecraft.wooden_pickaxe":1,"stat.damageTaken":7003,"stat.pickup.minecraft.leather":2,"stat.pickup.minecraft.name_tag":1,"stat.drop.minecraft.bone":1,"stat.craftItem.minecraft.wooden_button":1,"stat.mineBlock.minecraft.torch":1,"stat.craftItem.minecraft.stone_pickaxe":1,"stat.useItem.minecraft.wooden_pickaxe":15,"stat.pickup.minecraft.cobblestone":33,"stat.craftItem.minecraft.wooden_sword":1,"stat.pickup.minecraft.log2":15,"stat.pickup.minecraft.planks":6,"stat.craftItem.minecraft.stone_sword":3,"stat.killEntity.CaveSpider":7,"stat.flyOneCm":1237109,"stat.pickup.minecraft.clay":11,"stat.pickup.minecraft.sandstone":49,"tombstone:undead_killed":17,"stat.entityKilledBy.firedragon":3,"stat.pickup.minecraft.wheat_seeds":38,"stat.pickup.minecraft.potato":14,"stat.drop.minecraft.wheat_seeds":4,"stat.useItem.minecraft.stone_sword":35,"stat.killEntity.techguns.ZombieFarmer":2,"stat.damageDealt":13555,"stat.killEntity.Rabbit":1,"stat.pickup.minecraft.redstone":23,"stat.timeSinceDeath":407,"stat.useItem.minecraft.iron_pickaxe":21,"stat.craftItem.minecraft.wooden_pickaxe":3,"stat.pickup.minecraft.mutton":1,"stat.walkOneCm":78604,"stat.pickup.minecraft.golden_apple":1,"stat.playerKills":1,"stat.useItem.minecraft.potato":3,"stat.pickup.minecraft.crafting_table":1,"stat.useItem.minecraft.cobblestone":5,"stat.craftItem.minecraft.crafting_table":11,"stat.pickup.harvestcraft.cornitem":2,"stat.pickup.nocubessrparmory.overlordcore":8,"stat.pickup.minecraft.iron_hoe":1,"stat.killEntity.Creeper":1,"stat.pickup.minecraft.string":1,"stat.pickup.minecraft.log":11,"stat.drop.minecraft.stone_slab":21,"stat.craftItem.minecraft.diamond_boots":1,"stat.useItem.tombstone.gift":1,"stat.mineBlock.torchmaster.feral_flare_lantern":1,"stat.entityKilledBy.Skeleton":2,"stat.drop.minecraft.sapling":3,"stat.pickup.minecraft.chainmail_leggings":2,"stat.pickup.minecraft.sandstone_stairs":2,"stat.pickup.minecraft.sapling":6,"stat.sprintOneCm":137564,"stat.pickup.minecraft.paper":1,"stat.pickup.minecraft.apple":1,"stat.craftItem.minecraft.stick":32,"stat.pickup.tombstone.magic_scroll":1,"stat.pickup.minecraft.gold_ingot":8,"stat.killEntity.Skeleton":6,"stat.mineBlock.overlast.red_leaves":1,"stat.craftItem.minecraft.planks":108,"stat.pickup.techguns.t1_miner_leggings":1,"stat.pickup.harvestcraft.gigapickleseeditem":1,"stat.mineBlock.minecraft.crafting_table":1,"stat.pickup.minecraft.bread":1,"stat.mobKills":34,"stat.mineBlock.minecraft.log":11,"stat.entityKilledBy.Creeper":1,"stat.pickup.harvestcraft.mustardseedsitem":3,"stat.deaths":24,"stat.pickup.minecraft.bowl":8,"stat.drop":17,"stat.pickup.minecraft.diamond":24,"stat.playOneMinute":54960,"stat.useItem.minecraft.wooden_sword":36,"stat.pickup.minecraft.torch":2,"stat.drop.tombstone.grave_key":7,"stat.killEntity.Sheep":1,"stat.pickup.harvestcraft.pearitem":2,"stat.sneakTime":1148,"stat.pickup.minecraft.wool":3,"stat.killEntity.Zombie":9,"stat.drop.minecraft.arrow":1,"stat.pickup.minecraft.snowball":8,"stat.pickup.minecraft.stone_slab":15,"stat.craftItem.minecraft.diamond_axe":1,"stat.mineBlock.minecraft.stone":30,"stat.mineBlock.minecraft.tallgrass":9,"stat.diveOneCm":118313,"stat.pickup.minecraft.wheat":23,"stat.pickup.minecraft.chest":1}