{"stat.leaveGame":7,"stat.useItem.minecraft.bookshelf":12,"stat.entityKilledBy.techguns.ZombieMiner":1,"stat.pickup.tombstone.familiar_stone":1,"stat.useItem.minecraft.mutton":1,"stat.killEntity.PigZombie":3,"stat.mineBlock.minecraft.web":7,"stat.pickup.minecraft.golden_boots":1,"stat.useItem.minecraft.nether_brick_stairs":1,"stat.pickup.firstaid.bandage":32,"stat.useItem.harvestcraft.pearitem":2,"stat.pickup.minecraft.rotten_flesh":78,"stat.pickup.minecraft.sand":3,"stat.pickup.minecraft.hardened_clay":3,"stat.pickup.torchmaster.feral_flare_lantern":1,"stat.craftItem.minecraft.stone_axe":2,"stat.pickup.minecraft.name_tag":1,"stat.pickup.iceandfire.chared_cobblestone":13,"stat.pickup.minecraft.leather_boots":1,"stat.craftItem.minecraft.stone_sword":3,"stat.mineBlock.fossil.iced_stone":2,"stat.entityKilledBy.firedragon":3,"stat.mineBlock.minecraft.sand":1,"stat.killEntity.techguns.ZombieFarmer":2,"stat.useItem.minecraft.iron_pickaxe":21,"stat.pickup.minecraft.stained_hardened_clay":21,"stat.craftItem.minecraft.wooden_pickaxe":4,"stat.useItem.minecraft.hardened_clay":1,"stat.pickup.techguns.basicore":3,"stat.pickup.harvestcraft.cornitem":2,"stat.killEntity.ZombieVillager":2,"stat.pickup.srparasites.lurecomponent1":2,"stat.pickup.minecraft.nether_brick":54,"stat.drop.minecraft.stone_slab":21,"stat.mineBlock.torchmaster.feral_flare_lantern":1,"stat.pickup.minecraft.leather_helmet":1,"stat.mineBlock.minecraft.stained_hardened_clay":21,"stat.pickup.minecraft.skull":1,"stat.pickup.tombstone.magic_scroll":4,"stat.killEntity.Husk":5,"stat.mineBlock.minecraft.soul_sand":2,"stat.deaths":28,"stat.pickup.minecraft.bowl":8,"stat.playOneMinute":129382,"stat.useItem.minecraft.nether_brick":1,"stat.useItem.overlast.dumpling":11,"stat.mineBlock.minecraft.tallgrass":10,"stat.pickup.minecraft.netherrack":9,"stat.chestOpened":18,"stat.mineBlock.minecraft.netherrack":10,"stat.pickup.minecraft.arrow":11,"stat.pickup.minecraft.iron_sword":1,"stat.pickup.iceandfire.silver_nugget":1,"stat.fallOneCm":85524,"stat.pickup.minecraft.carrot":2,"stat.crouchOneCm":10182,"stat.mineBlock.minecraft.hardened_clay":3,"stat.craftingTableInteraction":31,"stat.mineBlock.minecraft.log2":22,"stat.pickup.minecraft.wooden_pickaxe":1,"stat.drop.minecraft.bone":1,"stat.craftItem.minecraft.wooden_button":1,"stat.killEntity.techguns.ZombieMiner":1,"stat.craftItem.minecraft.wooden_sword":1,"stat.pickup.minecraft.dye":44,"stat.pickup.minecraft.planks":70,"stat.pickup.minecraft.iron_leggings":1,"stat.pickup.minecraft.wheat_seeds":38,"stat.mineBlock.minecraft.gravel":10,"stat.useItem.minecraft.stone_sword":35,"stat.killEntity.Rabbit":1,"stat.mineBlock.minecraft.dirt":3,"stat.pickup.minecraft.chainmail_boots":1,"stat.pickup.minecraft.golden_apple":1,"stat.pickup.minecraft.crafting_table":1,"stat.useItem.minecraft.cobblestone":85,"stat.mineBlock.techguns.basicore":3,"stat.craftItem.minecraft.crafting_table":15,"stat.drop.harvestcraft.gigapickleseeditem":1,"stat.pickup.minecraft.iron_hoe":1,"stat.pickup.minecraft.log":18,"stat.pickup.usefulbackpacks.backpack":1,"stat.drop.minecraft.sapling":3,"stat.pickup.minecraft.chainmail_leggings":2,"stat.pickup.minecraft.tipped_arrow":1,"stat.pickup.minecraft.sapling":6,"stat.pickup.minecraft.apple":1,"stat.mineBlock.overlast.red_leaves":1,"stat.craftItem.minecraft.planks":160,"stat.itemEnchanted":3,"stat.killEntity.WitherSkeleton":2,"stat.pickup.minecraft.book":66,"stat.mineBlock.minecraft.log":18,"stat.pickup.harvestcraft.pearitem":2,"stat.sneakTime":1692,"stat.pickup.minecraft.wool":3,"stat.pickup.minecraft.stone_slab":15,"stat.pickup.minecraft.chest":1,"stat.craftItem.minecraft.enchanting_table":1,"stat.craftItem.minecraft.diamond_chestplate":1,"stat.pickup.minecraft.bone":10,"stat.craftItem.minecraft.diamond_leggings":1,"stat.pickup.minecraft.bookshelf":16,"stat.mineBlock.minecraft.cobblestone":21,"stat.pickup.minecraft.flint":1,"stat.mineBlock.iceandfire.chared_stone":10,"stat.useItem.minecraft.diamond_sword":902,"stat.craftItem.minecraft.diamond_helmet":1,"stat.swimOneCm":29614,"stat.killEntity.techguns.ZombieSoldier":1,"stat.pickup.minecraft.golden_helmet":1,"stat.useItem.minecraft.stone_slab2":22,"stat.pickup.minecraft.bow":1,"stat.pickup.minecraft.iron_boots":2,"stat.pickup.minecraft.enchanting_table":1,"stat.useItem.minecraft.iron_ore":6,"stat.craftItem.minecraft.stone_pickaxe":1,"stat.mineBlock.minecraft.obsidian":20,"stat.pickup.minecraft.cobblestone":691,"stat.drop.sexmod.allies_lamp":1,"stat.flyOneCm":1999919,"stat.pickup.minecraft.clay":11,"stat.pickup.minecraft.sandstone":49,"stat.pickup.minecraft.soul_sand":1,"stat.pickup.minecraft.nether_brick_stairs":3,"stat.drop.minecraft.wheat_seeds":4,"stat.pickup.charm.record_piano3":1,"stat.pickup.minecraft.redstone":127,"stat.mineBlock.minecraft.iron_ore":13,"stat.timeSinceDeath":1844,"stat.pickup.minecraft.mutton":1,"stat.killEntity.Bat":1,"stat.useItem.minecraft.potato":3,"stat.mineBlock.minecraft.enchanting_table":1,"stat.drop.minecraft.dirt":3,"stat.pickup.minecraft.diamond_shovel":1,"stat.mineBlock.minecraft.coal_ore":3,"stat.mineBlock.minecraft.nether_brick":55,"stat.killEntity.Creeper":1,"stat.pickup.minecraft.shield":6,"stat.pickup.minecraft.string":16,"stat.pickup.tombstone.crafting_ingredient":7,"stat.entityKilledBy.Skeleton":2,"stat.pickup.minecraft.sandstone_stairs":2,"stat.sprintOneCm":316920,"stat.pickup.minecraft.paper":1,"stat.useItem.minecraft.diamond_shovel":5,"stat.craftItem.minecraft.stick":48,"stat.mineBlock.minecraft.diamond_ore":55,"stat.pickup.techguns.t1_miner_leggings":1,"stat.mineBlock.minecraft.crafting_table":1,"stat.useItem.minecraft.diamond_pickaxe":886,"stat.useItem.minecraft.carrot":2,"stat.pickup.minecraft.diamond_chestplate":3,"stat.pickup.minecraft.leather_leggings":1,"stat.entityKilledBy.Creeper":1,"stat.pickup.overlast.dumpling":64,"stat.pickup.harvestcraft.mustardseedsitem":3,"stat.drop":20,"stat.useItem.minecraft.wooden_sword":36,"stat.drop.tombstone.grave_key":7,"stat.killEntity.Sheep":1,"stat.craftItem.minecraft.diamond_pickaxe":1,"stat.pickup.minecraft.golden_chestplate":1,"stat.killEntity.Zombie":76,"stat.pickup.minecraft.snowball":8,"stat.craftItem.minecraft.diamond_axe":2,"stat.diveOneCm":120317,"stat.pickup.minecraft.wheat":23,"stat.drop.minecraft.wooden_pickaxe":1,"stat.pickup.minecraft.gravel":9,"stat.useItem.minecraft.diamond_axe":34,"stat.pickup.minecraft.obsidian":18,"stat.useItem.minecraft.rotten_flesh":22,"stat.craftItem.minecraft.diamond_sword":1,"stat.drop.minecraft.sandstone":64,"stat.jump":2603,"stat.pickup.minecraft.coal":13,"stat.pickup.minecraft.iron_helmet":1,"stat.pickup.minecraft.iron_ingot":1,"stat.useItem.minecraft.stone_axe":32,"stat.pickup.minecraft.gunpowder":2,"stat.pickup.iceandfire.chared_stone":10,"stat.pickup.minecraft.spider_eye":4,"stat.pickup.minecraft.dirt":4,"stat.pickup.minecraft.iron_ore":12,"stat.mineBlock.minecraft.lapis_ore":8,"stat.entityKilledBy.techguns.SkeletonSoldier":1,"stat.pickup.minecraft.iron_axe":3,"stat.mineBlock.minecraft.leaves2":2,"stat.pickup.minecraft.leather":2,"stat.damageTaken":9423,"stat.mineBlock.minecraft.torch":1,"stat.useItem.minecraft.wooden_pickaxe":74,"stat.mineBlock.iceandfire.chared_cobblestone":13,"stat.pickup.srparasites.assimilated_flesh":3,"stat.pickup.minecraft.log2":21,"stat.entityKilledBy.ZombieVillager":1,"stat.killEntity.CaveSpider":7,"tombstone:undead_killed":113,"stat.pickup.minecraft.potato":16,"stat.pickup.minecraft.diamond_axe":1,"stat.entityKilledBy.Zombie":1,"stat.damageDealt":40597,"stat.mineBlock.minecraft.nether_brick_stairs":5,"stat.walkOneCm":260224,"stat.playerKills":1,"stat.pickup.minecraft.diamond_pickaxe":1,"stat.pickup.nocubessrparmory.overlordcore":8,"stat.craftItem.minecraft.diamond_boots":1,"stat.useItem.tombstone.gift":1,"stat.pickup.minecraft.ender_pearl":10,"stat.pickup.minecraft.gold_ingot":8,"stat.useItem.minecraft.netherrack":2,"stat.killEntity.Skeleton":21,"stat.pickup.harvestcraft.gigapickleseeditem":1,"stat.killEntity.Spider":11,"stat.pickup.minecraft.bread":2,"stat.mineBlock.minecraft.quartz_ore":7,"stat.mobKills":183,"stat.mineBlock.minecraft.bookshelf":12,"stat.pickup.minecraft.quartz":6,"stat.pickup.minecraft.diamond":82,"stat.pickup.minecraft.torch":2,"stat.mineBlock.minecraft.redstone_ore":23,"stat.drop.minecraft.arrow":1,"stat.mineBlock.minecraft.stone":621}