{"stat.useItem.minecraft.end_bricks":3,"stat.leaveGame":18,"stat.useItem.minecraft.bookshelf":15,"stat.entityKilledBy.techguns.ZombieMiner":1,"stat.pickup.tombstone.familiar_stone":2,"stat.mineBlock.minecraft.sandstone":3,"stat.useItem.minecraft.mutton":1,"stat.killEntity.PigZombie":3,"stat.mineBlock.minecraft.web":7,"stat.killEntity.futuremc:cod":1,"stat.pickup.quark.ancient_tome":2,"stat.pickup.minecraft.golden_boots":1,"stat.useItem.minecraft.nether_brick_stairs":1,"stat.pickup.firstaid.bandage":32,"stat.pickup.minecraft.porkchop":4,"stat.pickup.minecraft.glass":10,"stat.useItem.harvestcraft.pearitem":2,"stat.pickup.minecraft.rotten_flesh":106,"stat.pickup.minecraft.sand":3,"stat.useItem.spartanweaponry.greatsword_diamond":237,"stat.pickup.minecraft.hardened_clay":7,"stat.pickup.torchmaster.feral_flare_lantern":1,"stat.craftItem.minecraft.stone_axe":2,"stat.pickup.minecraft.name_tag":2,"stat.pickup.iceandfire.chared_cobblestone":13,"stat.pickup.minecraft.bucket":2,"stat.pickup.minecraft.leather_boots":1,"stat.entityKilledBy.techguns.ZombieSoldier":1,"stat.craftItem.minecraft.stone_sword":3,"stat.mineBlock.fossil.iced_stone":2,"stat.entityKilledBy.firedragon":5,"stat.mineBlock.minecraft.sand":1,"stat.killEntity.techguns.ZombieFarmer":3,"stat.useItem.minecraft.iron_pickaxe":21,"stat.pickup.minecraft.stained_hardened_clay":23,"stat.killEntity.myrmex_worker":1,"stat.craftItem.minecraft.wooden_pickaxe":4,"stat.useItem.minecraft.hardened_clay":1,"stat.pickup.sexmod.allies_lamp":2,"stat.pickup.thermalfoundation.material":2,"stat.pickup.techguns.basicore":3,"stat.craftItem.spartanweaponry.material":4,"stat.pickup.harvestcraft.cornitem":3,"stat.killEntity.ZombieVillager":2,"stat.pickup.srparasites.lurecomponent2":1,"stat.pickup.srparasites.lurecomponent1":2,"stat.craftItem.hammerx.item.hammer":1,"stat.pickup.minecraft.nether_brick":54,"stat.drop.spartanweaponry.greatsword_diamond":1,"stat.drop.minecraft.stone_slab":21,"stat.pickup.iceandfire.manuscript":9,"stat.pickup.minecraft.beef":3,"stat.mineBlock.torchmaster.feral_flare_lantern":1,"stat.mineBlock.minecraft.end_bricks":6,"stat.pickup.minecraft.leather_helmet":1,"stat.mineBlock.minecraft.stained_hardened_clay":21,"stat.pickup.minecraft.skull":1,"stat.pickup.tombstone.magic_scroll":5,"stat.pickup.tombstone.scroll_buff":1,"stat.killEntity.Husk":5,"stat.pickup.minecraft.pumpkin_seeds":11,"stat.pickup.minecraft.saddle":1,"stat.mineBlock.minecraft.soul_sand":2,"stat.deaths":35,"stat.pickup.minecraft.bowl":8,"stat.playOneMinute":195043,"stat.useItem.minecraft.nether_brick":1,"stat.craftItem.minecraft.diamond_block":3,"stat.useItem.overlast.dumpling":19,"stat.mineBlock.minecraft.tallgrass":10,"stat.pickup.minecraft.netherrack":9,"stat.chestOpened":34,"stat.killEntity.quark:crab":1,"stat.mineBlock.minecraft.netherrack":10,"stat.pickup.minecraft.arrow":13,"stat.pickup.minecraft.iron_sword":1,"stat.pickup.charm.charged_emerald":1,"stat.pickup.harvestcraft.chilipepperitem":1,"stat.pickup.iceandfire.silver_nugget":1,"stat.fallOneCm":159912,"stat.pickup.minecraft.carrot":17,"stat.pickup.minecraft.melon_seeds":14,"stat.crouchOneCm":20451,"stat.mineBlock.minecraft.hardened_clay":3,"stat.craftingTableInteraction":37,"stat.mineBlock.minecraft.log2":22,"stat.pickup.minecraft.wooden_pickaxe":1,"stat.pickup.minecraft.feather":15,"stat.drop.minecraft.bone":1,"stat.craftItem.minecraft.wooden_button":1,"stat.pickup.minecraft.record_cat":2,"stat.killEntity.techguns.ZombieMiner":5,"stat.craftItem.minecraft.wooden_sword":1,"stat.pickup.minecraft.dye":44,"stat.pickup.minecraft.planks":70,"stat.pickup.minecraft.iron_leggings":1,"stat.pickup.minecraft.wheat_seeds":96,"stat.mineBlock.minecraft.gravel":10,"stat.pickup.iceandfire.cyclops_eye":1,"stat.useItem.minecraft.stone_sword":35,"stat.killEntity.Rabbit":1,"stat.mineBlock.minecraft.dirt":3,"stat.pickup.minecraft.chainmail_boots":2,"stat.drop.minecraft.stick":4,"stat.useItem.minecraft.bread":3,"stat.pickup.minecraft.golden_apple":2,"stat.pickup.minecraft.crafting_table":1,"stat.useItem.minecraft.cobblestone":89,"stat.mineBlock.techguns.basicore":3,"stat.craftItem.minecraft.crafting_table":16,"stat.useItem.minecraft.gravel":5,"stat.drop.harvestcraft.gigapickleseeditem":1,"stat.pickup.minecraft.iron_hoe":1,"stat.pickup.minecraft.log":18,"stat.pickup.usefulbackpacks.backpack":2,"stat.drop.minecraft.sapling":3,"stat.pickup.minecraft.chicken":1,"stat.pickup.minecraft.chainmail_leggings":2,"stat.pickup.minecraft.tipped_arrow":1,"stat.pickup.minecraft.sapling":13,"stat.pickup.minecraft.apple":10,"stat.mineBlock.overlast.red_leaves":1,"stat.pickup.minecraft.beetroot":4,"stat.craftItem.minecraft.planks":160,"stat.itemEnchanted":5,"stat.killEntity.WitherSkeleton":2,"stat.pickup.minecraft.book":75,"stat.mineBlock.minecraft.log":18,"stat.pickup.charm.bat_bucket":2,"stat.pickup.spartanweaponry.greatsword_diamond":1,"stat.pickup.harvestcraft.pearitem":2,"stat.sneakTime":2259,"stat.pickup.minecraft.wool":9,"stat.pickup.minecraft.stone_slab":36,"stat.pickup.minecraft.chest":6,"stat.craftItem.minecraft.enchanting_table":1,"stat.craftItem.minecraft.diamond_chestplate":1,"stat.pickup.minecraft.bone":29,"stat.craftItem.minecraft.diamond_leggings":1,"stat.pickup.minecraft.bookshelf":16,"stat.mineBlock.minecraft.cobblestone":21,"stat.pickup.minecraft.flint":1,"stat.mineBlock.iceandfire.chared_stone":10,"stat.craftItem.tombstone.grave_key":1,"stat.mineBlock.srparasites.gore":13,"stat.useItem.minecraft.diamond_sword":1026,"stat.craftItem.minecraft.diamond_helmet":1,"stat.swimOneCm":42515,"stat.pickup.minecraft.enchanted_book":1,"stat.climbOneCm":534,"stat.craftItem.spartanweaponry.greatsword_diamond":1,"stat.killEntity.techguns.ZombieSoldier":2,"stat.pickup.minecraft.golden_helmet":1,"stat.useItem.minecraft.stone_slab2":28,"stat.pickup.minecraft.bow":3,"stat.pickup.minecraft.iron_boots":2,"stat.killEntity.goblin":1,"stat.pickup.minecraft.enchanting_table":3,"stat.useItem.minecraft.iron_ore":6,"stat.craftItem.minecraft.stone_pickaxe":1,"stat.mineBlock.minecraft.obsidian":21,"stat.pickup.minecraft.cobblestone":809,"stat.mineBlock.minecraft.clay":3,"stat.drop.sexmod.allies_lamp":1,"stat.flyOneCm":5291281,"stat.pickup.minecraft.clay":71,"stat.pickup.minecraft.sandstone":52,"stat.pickup.minecraft.soul_sand":1,"stat.pickup.minecraft.nether_brick_stairs":3,"stat.drop.minecraft.wheat_seeds":4,"stat.pickup.charm.record_piano3":1,"stat.pickup.minecraft.redstone":214,"stat.mineBlock.minecraft.iron_ore":18,"stat.timeSinceDeath":14408,"stat.pickup.minecraft.mutton":11,"stat.killEntity.Bat":1,"stat.killEntity.techguns.SkeletonSoldier":1,"stat.useItem.minecraft.potato":15,"stat.mineBlock.minecraft.enchanting_table":3,"stat.drop.minecraft.dirt":3,"stat.pickup.minecraft.diamond_shovel":1,"stat.mineBlock.minecraft.coal_ore":3,"stat.mineBlock.minecraft.nether_brick":55,"stat.killEntity.Creeper":4,"stat.pickup.minecraft.shield":6,"stat.pickup.minecraft.string":48,"stat.pickup.tombstone.crafting_ingredient":9,"stat.drop.usefulbackpacks.backpack":1,"stat.entityKilledBy.Skeleton":3,"stat.pickup.minecraft.sandstone_stairs":2,"stat.sprintOneCm":734657,"stat.pickup.minecraft.paper":8,"stat.useItem.minecraft.diamond_shovel":7,"stat.craftItem.minecraft.stick":52,"stat.useItem.tombstone.magic_scroll":1,"stat.mineBlock.fossil.ancient_stone_brick":1,"stat.mineBlock.minecraft.diamond_ore":55,"stat.pickup.techguns.t1_miner_leggings":1,"stat.mineBlock.minecraft.crafting_table":1,"stat.useItem.minecraft.diamond_pickaxe":1038,"stat.waystones:waystonesActivated":1,"stat.useItem.minecraft.carrot":8,"stat.useItem.minecraft.wheat":13,"stat.pickup.minecraft.golden_horse_armor":2,"stat.pickup.minecraft.diamond_chestplate":3,"stat.pickup.minecraft.leather_leggings":1,"stat.entityKilledBy.Creeper":1,"stat.pickup.overlast.dumpling":64,"stat.pickup.harvestcraft.mustardseedsitem":3,"stat.drop":25,"stat.killEntity.cyclops":1,"stat.useItem.minecraft.wooden_sword":36,"stat.drop.tombstone.grave_key":9,"stat.killEntity.Sheep":6,"stat.pickup.tombstone.grave_key":1,"stat.craftItem.minecraft.diamond_pickaxe":1,"stat.pickup.minecraft.golden_chestplate":1,"stat.killEntity.Zombie":99,"stat.pickup.minecraft.snowball":8,"stat.craftItem.minecraft.diamond_axe":2,"stat.diveOneCm":339548,"stat.pickup.minecraft.wheat":60,"stat.drop.minecraft.wooden_pickaxe":1,"stat.pickup.minecraft.gravel":9,"stat.useItem.minecraft.diamond_axe":38,"stat.useItem.minecraft.apple":9,"stat.pickup.minecraft.obsidian":19,"stat.useItem.minecraft.rotten_flesh":24,"stat.craftItem.minecraft.diamond_sword":1,"stat.drop.minecraft.sandstone":64,"stat.jump":3264,"stat.pickup.minecraft.coal":17,"stat.pickup.minecraft.iron_helmet":1,"stat.pickup.minecraft.iron_ingot":4,"stat.useItem.minecraft.stone_axe":32,"stat.pickup.minecraft.gunpowder":22,"stat.pickup.iceandfire.chared_stone":14,"stat.pickup.minecraft.spider_eye":4,"stat.pickup.minecraft.dirt":4,"stat.pickup.minecraft.iron_ore":17,"stat.mineBlock.minecraft.lapis_ore":8,"stat.entityKilledBy.techguns.SkeletonSoldier":1,"stat.pickup.minecraft.iron_axe":3,"stat.mineBlock.minecraft.leaves2":2,"stat.mineBlock.minecraft.glass_pane":2,"stat.pickup.minecraft.leather":11,"stat.damageTaken":11761,"stat.mineBlock.minecraft.torch":1,"stat.useItem.minecraft.wooden_pickaxe":74,"stat.mineBlock.iceandfire.chared_cobblestone":13,"stat.pickup.srparasites.assimilated_flesh":3,"stat.pickup.minecraft.log2":21,"stat.entityKilledBy.ZombieVillager":1,"stat.killEntity.CaveSpider":23,"tombstone:undead_killed":168,"stat.killEntity.hippogryph":1,"stat.pickup.minecraft.potato":26,"stat.pickup.minecraft.diamond_axe":1,"stat.entityKilledBy.Zombie":1,"stat.damageDealt":76009,"stat.sleepInBed":1,"stat.mineBlock.minecraft.nether_brick_stairs":5,"stat.pickup.minecraft.end_bricks":5,"stat.killEntity.Cow":2,"stat.pickup.techguns.itemshared":2,"stat.walkOneCm":436026,"stat.playerKills":1,"stat.killEntity.bia":1,"stat.pickup.minecraft.diamond_pickaxe":1,"stat.pickup.minecraft.clay_ball":12,"stat.pickup.nocubessrparmory.overlordcore":21,"stat.craftItem.minecraft.diamond_boots":1,"stat.useItem.tombstone.gift":1,"stat.pickup.minecraft.ender_pearl":12,"stat.pickup.minecraft.gold_ingot":99,"stat.useItem.minecraft.netherrack":2,"stat.killEntity.Skeleton":46,"stat.pickup.harvestcraft.amaranthitem":33,"stat.killEntity.Chicken":2,"stat.pickup.harvestcraft.gigapickleseeditem":1,"stat.killEntity.Spider":11,"stat.pickup.minecraft.bread":12,"stat.mineBlock.minecraft.quartz_ore":7,"stat.useItem.hammerx.item.hammer":2,"stat.mobKills":301,"stat.pickup.nocubessrparmory.dreadnaughtcore":5,"stat.mineBlock.minecraft.bookshelf":16,"stat.pickup.minecraft.quartz":6,"stat.pickup.tombstone.tablet_of_home":1,"stat.pickup.minecraft.diamond":139,"stat.pickup.minecraft.beetroot_seeds":13,"stat.pickup.minecraft.torch":2,"stat.mineBlock.minecraft.redstone_ore":25,"stat.drop.minecraft.arrow":1,"stat.mineBlock.minecraft.stone":721}