{"stat.mineBlock.quark.roots_white_flower":1,"stat.pickup.minecraft.bone":6,"stat.pickup.fossil.biofossil":5,"stat.leaveGame":3,"stat.mineBlock.minecraft.cobblestone":6,"stat.entityKilledBy.techguns.ZombieMiner":1,"stat.pickup.minecraft.flower_pot":1,"stat.mineBlock.charm.crate_sealed":1,"stat.swimOneCm":21342,"stat.climbOneCm":279,"stat.craftItem.minecraft.shield":1,"stat.pickup.firstaid.bandage":68,"stat.pickup.minecraft.porkchop":17,"stat.useItem.minecraft.dirt":2,"stat.useItem.minecraft.stone_slab2":20,"stat.pickup.minecraft.rotten_flesh":3,"stat.craftItem.minecraft.furnace":1,"stat.entityKilledBy.mutantbeasts.mutant_enderman":1,"stat.craftItem.minecraft.stone_axe":5,"stat.craftItem.minecraft.stone_pickaxe":2,"stat.pickup.minecraft.cobblestone":757,"stat.entityKilledBy.techguns.ZombieSoldier":1,"stat.flyOneCm":393393,"stat.drop.minecraft.wheat_seeds":4,"stat.killEntity.techguns.ZombieFarmer":1,"stat.pickup.quark.tallow":18,"stat.pickup.minecraft.redstone":10,"stat.mineBlock.minecraft.iron_ore":29,"stat.timeSinceDeath":338,"stat.useItem.minecraft.iron_pickaxe":40,"stat.craftItem.minecraft.wooden_pickaxe":1,"stat.pickup.fossil.plant_fossil":2,"stat.pickup.minecraft.mutton":16,"stat.killEntity.techguns.SkeletonSoldier":1,"stat.craftItem.minecraft.bed":1,"stat.pickup.fossil.bone_unique_item":1,"stat.furnaceInteraction":31,"stat.mineBlock.minecraft.coal_ore":103,"stat.craftItem.hammerx.item.hammer":1,"stat.pickup.minecraft.beef":21,"stat.pickup.minecraft.furnace":4,"stat.useItem.minecraft.cooked_mutton":13,"stat.entityKilledBy.Skeleton":2,"stat.craftItem.minecraft.stone_slab2":0,"stat.mineBlock.harvestcraft.windygarden":1,"stat.sprintOneCm":197289,"stat.craftItem.minecraft.stick":36,"stat.craftItem.minecraft.stone":19,"stat.mineBlock.minecraft.crafting_table":6,"stat.pickup.fossil.relic_scrap":1,"stat.pickup.minecraft.emerald":1,"stat.pickup.overlast.dumpling":50,"stat.deaths":6,"stat.drop":6,"stat.playOneMinute":112555,"stat.killEntity.Sheep":12,"stat.craftItem.minecraft.iron_pickaxe":1,"stat.useItem.overlast.dumpling":15,"stat.mineBlock.minecraft.gold_ore":6,"stat.mineBlock.minecraft.tallgrass":19,"stat.craftItem.minecraft.cooked_mutton":13,"stat.diveOneCm":16439,"stat.chestOpened":3,"stat.pickup.minecraft.waterlily":1,"stat.pickup.minecraft.arrow":5,"stat.pickup.minecraft.stone_axe":2,"stat.useItem.minecraft.apple":3,"stat.mineBlock.quark.roots_black_flower":1,"stat.jump":1760,"stat.pickup.minecraft.coal":105,"stat.fallOneCm":33537,"stat.pickup.minecraft.iron_ingot":2,"stat.mineBlock.fossil.fossil":12,"stat.useItem.minecraft.stone_axe":98,"stat.pickup.minecraft.gunpowder":4,"stat.crouchOneCm":13050,"stat.entityKilledBy.techguns.Bandit":1,"stat.craftItem.minecraft.torch":40,"stat.craftItem.minecraft.iron_ingot":29,"stat.pickup.minecraft.dirt":14,"stat.craftingTableInteraction":24,"stat.pickup.minecraft.iron_ore":29,"stat.pickup.minecraft.gold_ore":6,"stat.mineBlock.minecraft.log2":146,"stat.pickup.minecraft.feather":6,"stat.pickup.minecraft.leather":12,"stat.damageTaken":2261,"stat.killEntity.techguns.ZombieMiner":2,"stat.mineBlock.minecraft.furnace":4,"stat.mineBlock.minecraft.torch":18,"stat.useItem.minecraft.wooden_pickaxe":11,"stat.pickup.minecraft.log2":144,"stat.pickup.minecraft.reeds":23,"stat.pickup.minecraft.bed":2,"tombstone:undead_killed":4,"stat.pickup.minecraft.wheat_seeds":10,"stat.useItem.minecraft.stone_pickaxe":258,"stat.damageDealt":4343,"stat.sleepInBed":3,"stat.killEntity.Cow":10,"stat.mineBlock.minecraft.dirt":12,"stat.killEntity.Pig":9,"stat.flowerPotted":1,"stat.pickup.techguns.itemshared":6,"stat.walkOneCm":181169,"stat.useItem.minecraft.torch":29,"stat.pickup.minecraft.crafting_table":6,"stat.pickup.techguns.t1_miner_boots":1,"stat.useItem.minecraft.cobblestone":196,"stat.craftItem.minecraft.crafting_table":3,"stat.pickup.minecraft.log":146,"stat.pickup.techguns.t1_combat_boots":1,"stat.pickup.quark.root_flower":2,"stat.pickup.usefulbackpacks.backpack":1,"stat.craftItem.usefulbackpacks.backpack":1,"stat.pickup.minecraft.chicken":5,"stat.pickup.minecraft.sapling":10,"stat.pickup.minecraft.apple":11,"stat.mineBlock.overlast.red_leaves":3,"stat.craftItem.minecraft.planks":52,"stat.killEntity.Chicken":5,"stat.pickup.quark.root":1,"stat.pickup.minecraft.bread":3,"stat.useItem.hammerx.item.hammer":95,"stat.mobKills":44,"stat.pickup.minecraft.book":5,"stat.mineBlock.minecraft.bookshelf":1,"stat.mineBlock.minecraft.log":86,"stat.useItem.carryon.entity_item":1,"stat.pickup.minecraft.torch":20,"stat.pickup.minecraft.red_flower":1,"stat.pickup.mutantbeasts.mutant_skeleton_limb":1,"stat.pickup.quark.variant_sapling":42,"stat.sneakTime":3764,"stat.pickup.minecraft.wool":11,"stat.drop.minecraft.stone_axe":2,"stat.mineBlock.minecraft.stone":777}