{"stat.chestOpened":14,"stat.pickup.minecraft.bone":1,"stat.drop.minecraft.wooden_pickaxe":1,"stat.leaveGame":5,"stat.pickup.minecraft.arrow":1,"stat.mineBlock.minecraft.cobblestone":3,"stat.entityKilledBy.techguns.ZombieMiner":1,"stat.useItem.minecraft.mutton":1,"stat.jump":468,"stat.swimOneCm":1234,"stat.fallOneCm":35267,"stat.useItem.minecraft.stone_axe":32,"stat.crouchOneCm":879,"stat.useItem.harvestcraft.pearitem":2,"stat.pickup.minecraft.dirt":1,"stat.useItem.minecraft.stone_slab2":5,"stat.craftingTableInteraction":11,"stat.pickup.minecraft.rotten_flesh":2,"stat.pickup.torchmaster.feral_flare_lantern":1,"stat.craftItem.minecraft.stone_axe":2,"stat.mineBlock.minecraft.log2":14,"stat.pickup.minecraft.wooden_pickaxe":1,"stat.damageTaken":4772,"stat.pickup.minecraft.leather":2,"stat.mineBlock.minecraft.torch":1,"stat.craftItem.minecraft.stone_pickaxe":1,"stat.useItem.minecraft.wooden_pickaxe":15,"stat.pickup.minecraft.cobblestone":33,"stat.craftItem.minecraft.wooden_sword":1,"stat.pickup.minecraft.log2":13,"stat.pickup.minecraft.planks":6,"stat.craftItem.minecraft.stone_sword":3,"stat.killEntity.CaveSpider":5,"stat.flyOneCm":588921,"stat.pickup.minecraft.sandstone":35,"tombstone:undead_killed":9,"stat.entityKilledBy.firedragon":1,"stat.pickup.minecraft.wheat_seeds":38,"stat.pickup.minecraft.potato":14,"stat.drop.minecraft.wheat_seeds":4,"stat.useItem.minecraft.stone_sword":35,"stat.killEntity.techguns.ZombieFarmer":2,"stat.damageDealt":6693,"stat.timeSinceDeath":76,"stat.useItem.minecraft.iron_pickaxe":21,"stat.craftItem.minecraft.wooden_pickaxe":3,"stat.pickup.minecraft.mutton":1,"stat.walkOneCm":62594,"stat.useItem.minecraft.potato":3,"stat.useItem.minecraft.cobblestone":5,"stat.craftItem.minecraft.crafting_table":7,"stat.pickup.harvestcraft.cornitem":2,"stat.pickup.minecraft.iron_hoe":1,"stat.killEntity.Creeper":1,"stat.pickup.minecraft.string":1,"stat.pickup.minecraft.log":11,"stat.useItem.tombstone.gift":1,"stat.mineBlock.torchmaster.feral_flare_lantern":1,"stat.entityKilledBy.Skeleton":2,"stat.drop.minecraft.sapling":3,"stat.pickup.minecraft.chainmail_leggings":1,"stat.pickup.minecraft.sandstone_stairs":2,"stat.pickup.minecraft.sapling":6,"stat.sprintOneCm":79332,"stat.pickup.minecraft.apple":1,"stat.craftItem.minecraft.stick":28,"stat.pickup.tombstone.magic_scroll":1,"stat.killEntity.Skeleton":1,"stat.mineBlock.overlast.red_leaves":1,"stat.craftItem.minecraft.planks":100,"stat.pickup.techguns.t1_miner_leggings":1,"stat.pickup.minecraft.bread":1,"stat.mobKills":19,"stat.mineBlock.minecraft.log":11,"stat.entityKilledBy.Creeper":1,"stat.pickup.harvestcraft.mustardseedsitem":3,"stat.deaths":17,"stat.drop":13,"stat.playOneMinute":42360,"stat.useItem.minecraft.wooden_sword":36,"stat.pickup.minecraft.torch":2,"stat.drop.tombstone.grave_key":7,"stat.killEntity.Sheep":1,"stat.pickup.harvestcraft.pearitem":2,"stat.sneakTime":553,"stat.pickup.minecraft.wool":1,"stat.killEntity.Zombie":6,"stat.pickup.minecraft.snowball":7,"stat.pickup.minecraft.stone_slab":7,"stat.mineBlock.minecraft.stone":30,"stat.mineBlock.minecraft.tallgrass":9,"stat.diveOneCm":118313,"stat.pickup.minecraft.wheat":22,"stat.pickup.minecraft.chest":1}