{"stat.chestOpened":3,"stat.flowerPotted":1,"stat.killEntity.techguns.SkeletonSoldier":1,"stat.walkOneCm":87239,"stat.craftItem.minecraft.bed":1,"stat.useItem.minecraft.torch":1,"stat.leaveGame":1,"stat.pickup.minecraft.crafting_table":3,"stat.mineBlock.minecraft.cobblestone":2,"stat.useItem.minecraft.cobblestone":12,"stat.craftItem.minecraft.crafting_table":3,"stat.pickup.minecraft.stone_axe":2,"stat.furnaceInteraction":11,"stat.mineBlock.minecraft.coal_ore":49,"stat.pickup.minecraft.flower_pot":1,"stat.craftItem.hammerx.item.hammer":1,"stat.pickup.minecraft.log":146,"stat.jump":499,"stat.pickup.techguns.t1_combat_boots":1,"stat.pickup.minecraft.coal":50,"stat.fallOneCm":15328,"stat.pickup.minecraft.beef":12,"stat.pickup.minecraft.furnace":1,"stat.pickup.firstaid.bandage":64,"stat.pickup.usefulbackpacks.backpack":1,"stat.useItem.minecraft.stone_axe":61,"stat.craftItem.minecraft.stone_slab2":0,"stat.craftItem.usefulbackpacks.backpack":1,"stat.pickup.minecraft.porkchop":15,"stat.pickup.minecraft.gunpowder":2,"stat.crouchOneCm":9951,"stat.pickup.minecraft.chicken":5,"stat.craftItem.minecraft.torch":40,"stat.pickup.minecraft.sapling":10,"stat.pickup.minecraft.dirt":4,"stat.useItem.minecraft.dirt":2,"stat.sprintOneCm":75354,"stat.useItem.minecraft.stone_slab2":12,"stat.craftItem.minecraft.stick":36,"stat.craftingTableInteraction":15,"stat.mineBlock.overlast.red_leaves":3,"stat.craftItem.minecraft.furnace":1,"stat.craftItem.minecraft.planks":52,"stat.craftItem.minecraft.stone":19,"stat.killEntity.Chicken":5,"stat.craftItem.minecraft.stone_axe":5,"stat.mineBlock.minecraft.log2":146,"stat.damageTaken":237,"stat.pickup.minecraft.leather":6,"stat.pickup.minecraft.feather":6,"stat.mineBlock.minecraft.crafting_table":3,"stat.craftItem.minecraft.stone_pickaxe":1,"stat.mineBlock.minecraft.furnace":1,"stat.killEntity.techguns.ZombieMiner":1,"stat.useItem.hammerx.item.hammer":54,"stat.mineBlock.minecraft.torch":1,"stat.useItem.minecraft.wooden_pickaxe":11,"stat.pickup.minecraft.cobblestone":489,"stat.mobKills":31,"stat.pickup.minecraft.book":3,"stat.pickup.minecraft.log2":144,"stat.mineBlock.minecraft.bookshelf":1,"stat.mineBlock.minecraft.log":86,"stat.pickup.overlast.dumpling":32,"stat.useItem.carryon.entity_item":1,"stat.flyOneCm":75510,"stat.pickup.minecraft.bed":1,"tombstone:undead_killed":2,"stat.pickup.minecraft.wheat_seeds":1,"stat.drop":3,"stat.playOneMinute":42623,"stat.drop.minecraft.wheat_seeds":1,"stat.pickup.minecraft.torch":1,"stat.useItem.minecraft.stone_pickaxe":122,"stat.killEntity.Sheep":9,"stat.pickup.minecraft.red_flower":1,"stat.pickup.quark.variant_sapling":42,"stat.sneakTime":2621,"stat.pickup.minecraft.wool":9,"stat.useItem.overlast.dumpling":11,"stat.pickup.quark.tallow":17,"stat.damageDealt":2780,"stat.drop.minecraft.stone_axe":2,"stat.timeSinceDeath":42623,"stat.killEntity.Cow":7,"stat.mineBlock.minecraft.dirt":4,"stat.craftItem.minecraft.wooden_pickaxe":1,"stat.mineBlock.minecraft.stone":498,"stat.killEntity.Pig":8,"stat.mineBlock.minecraft.tallgrass":1,"stat.pickup.minecraft.mutton":13}