{"stat.craftItem.minecraft.diamond_chestplate":1,"stat.useItem.minecraft.bow":3,"stat.pickup.minecraft.bone":11,"stat.craftItem.minecraft.diamond_leggings":1,"stat.leaveGame":1,"stat.pickup.minecraft.stone_pickaxe":1,"stat.entityKilledBy.techguns.ZombieMiner":1,"stat.pickup.tombstone.familiar_stone":1,"stat.useItem.minecraft.diamond_sword":453,"stat.killEntity.PigZombie":3,"stat.swimOneCm":3558,"stat.climbOneCm":907,"stat.useItem.tombstone.familiar_stone":3,"stat.mineBlock.minecraft.web":6,"stat.pickup.minecraft.golden_boots":1,"stat.pickup.firstaid.bandage":32,"stat.entityKilledBy.PigZombie":1,"stat.pickup.minecraft.golden_helmet":3,"stat.useItem.minecraft.stone_slab2":3,"stat.pickup.minecraft.bow":3,"stat.pickup.minecraft.iron_boots":1,"stat.pickup.minecraft.rotten_flesh":37,"stat.entityKilledBy.Spider":1,"stat.useItem.minecraft.egg":1,"stat.pickup.iceandfire.witherbone":1,"stat.pickup.minecraft.cobblestone":40,"stat.pickup.minecraft.leather_boots":1,"stat.pickup.quark.black_ash":2,"stat.pickup.minecraft.diamond_leggings":1,"stat.flyOneCm":68689,"stat.drop.minecraft.iron_helmet":1,"stat.pickup.minecraft.chainmail_chestplate":2,"stat.drop.minecraft.wheat_seeds":1,"stat.pickup.minecraft.redstone":4,"stat.timeSinceDeath":9659,"stat.pickup.sexmod.allies_lamp":1,"stat.pickup.minecraft.iron_shovel":1,"stat.mineBlock.minecraft.nether_brick":5,"stat.pickup.minecraft.shield":8,"stat.pickup.minecraft.nether_brick":4,"stat.pickup.minecraft.string":12,"stat.pickup.tombstone.crafting_ingredient":9,"stat.sprintOneCm":29801,"stat.pickup.minecraft.iron_chestplate":2,"stat.pickup.tombstone.magic_scroll":2,"stat.useItem.tombstone.magic_scroll":1,"stat.killEntity.Husk":3,"stat.pickup.minecraft.emerald":2,"stat.pickup.overlast.dumpling":64,"stat.deaths":3,"stat.drop":2,"stat.pickup.minecraft.egg":1,"stat.playOneMinute":52288,"stat.useItem.minecraft.nether_brick":1,"stat.useItem.overlast.dumpling":29,"stat.killEntity.Zombie":50,"stat.mineBlock.minecraft.tallgrass":2,"stat.diveOneCm":1036,"stat.chestOpened":4,"stat.pickup.minecraft.iron_sword":1,"stat.pickup.minecraft.arrow":10,"stat.pickup.minecraft.gold_nugget":3,"stat.craftItem.minecraft.diamond_sword":1,"stat.jump":371,"stat.pickup.minecraft.coal":2,"stat.pickup.minecraft.iron_helmet":3,"stat.fallOneCm":5434,"stat.pickup.minecraft.carrot":1,"stat.pickup.minecraft.gunpowder":2,"stat.crouchOneCm":949,"stat.craftingTableInteraction":7,"stat.mineBlock.minecraft.iron_bars":2,"stat.pickup.minecraft.iron_axe":2,"stat.damageTaken":2137,"stat.pickup.minecraft.feather":5,"stat.killEntity.techguns.ZombieMiner":1,"stat.pickup.minecraft.dye":22,"stat.pickup.minecraft.planks":1,"stat.pickup.minecraft.iron_leggings":1,"tombstone:undead_killed":61,"stat.pickup.minecraft.wheat_seeds":2,"stat.pickup.minecraft.potato":1,"stat.pickup.minecraft.diamond_axe":1,"stat.useItem.minecraft.stone_pickaxe":10,"stat.damageDealt":9449,"stat.pickup.minecraft.chainmail_boots":2,"stat.pickup.techguns.itemshared":1,"stat.walkOneCm":147290,"stat.pickup.nocubessrparmory.overlordcore":11,"stat.useItem.tombstone.gift":1,"stat.pickup.usefulbackpacks.backpack":2,"stat.pickup.minecraft.gold_ingot":44,"stat.killEntity.Skeleton":4,"stat.useItem.minecraft.iron_sword":47,"stat.itemEnchanted":1,"stat.killEntity.Spider":1,"stat.mineBlock.minecraft.quartz_ore":1,"stat.mobKills":62,"stat.pickup.minecraft.book":2,"stat.pickup.minecraft.quartz":1,"stat.pickup.minecraft.diamond":21,"stat.sneakTime":1526}