{"stat.leaveGame":44,"stat.useItem.minecraft.bookshelf":9,"stat.entityKilledBy.techguns.ZombieMiner":1,"stat.craftItem.minecraft.iron_axe":2,"stat.pickup.srparasites.parasitecanister":3,"stat.useItem.minecraft.planks":3,"stat.pickup.quark.ancient_tome":1,"stat.pickup.firstaid.bandage":21,"stat.pickup.minecraft.porkchop":32,"stat.drop.minecraft.iron_sword":1,"stat.pickup.srparasites.ada_longarms_drop":1,"stat.pickup.minecraft.rotten_flesh":5,"stat.pickup.minecraft.sand":1,"stat.pickup.minecraft.brick_block":4,"stat.craftItem.minecraft.stone_axe":2,"stat.pickup.minecraft.name_tag":1,"stat.entityKilledBy.techguns.ZombieSoldier":2,"stat.craftItem.minecraft.iron_shovel":3,"stat.pickup.minecraft.brown_mushroom":4,"stat.mineBlock.minecraft.sand":1,"stat.pickup.securitycraft.reinforced_cobblestone":37,"stat.pickup.quark.marble":260,"stat.pickup.quark.rune":1,"stat.pickup.harvestcraft.scallionitem":1,"stat.mineBlock.futuremc.stripped_oak_log":1,"stat.killEntity.techguns.ZombieFarmer":7,"stat.pickup.quark.tallow":31,"stat.mineBlock.fossil.vase_kylix":1,"stat.craftItem.spartanshields.shield_basic_wood":1,"stat.useItem.securitycraft.reinforced_brick":38,"stat.useItem.securitycraft.reinforced_cobblestone":40,"stat.useItem.minecraft.iron_pickaxe":1733,"stat.useItem.minecraft.spawn_egg":4,"stat.useItem.minecraft.iron_shovel":684,"stat.pickup.minecraft.double_plant":1,"stat.craftItem.minecraft.bed":1,"stat.pickup.harvestcraft.onionitem":1,"stat.pickup.techguns.basicore":41,"stat.furnaceInteraction":274,"stat.killEntity.ZombieVillager":1,"stat.pickup.srparasites.lurecomponent2":2,"stat.mineBlock.futuremc.cornflower":1,"stat.pickup.srparasites.lurecomponent1":25,"stat.craftItem.hammerx.item.hammer":2,"stat.pickup.minecraft.beef":8,"stat.pickup.minecraft.furnace":4,"stat.useItem.quark.marble":1,"stat.pickup.securitycraft.reinforced_brick":40,"stat.pickup.futuremc.stripped_oak_log":1,"stat.pickup.tombstone.magic_scroll":2,"stat.entityKilledBy.mutantbeasts.mutant_skeleton":1,"stat.deaths":15,"stat.playOneMinute":894089,"stat.pickup.techguns.t1_miner_helmet":1,"stat.drop.securitycraft.universal_block_reinforcer_lvl2":1,"stat.craftItem.minecraft.iron_pickaxe":8,"stat.pickup.minecraft.diamond_block":3,"stat.useItem.overlast.dumpling":70,"stat.pickup.fossil.vase_amphora":1,"stat.mineBlock.minecraft.tallgrass":58,"stat.chestOpened":60,"stat.pickup.minecraft.arrow":11,"stat.pickup.minecraft.iron_sword":1,"stat.mineBlock.minecraft.ice":17,"stat.pickup.iceandfire.silver_nugget":2,"stat.fallOneCm":49800,"stat.pickup.minecraft.carrot":2,"stat.crouchOneCm":4442,"stat.mineBlock.minecraft.chest":1,"stat.entityKilledBy.techguns.Bandit":3,"stat.craftItem.minecraft.chest":6,"stat.craftItem.minecraft.iron_ingot":122,"stat.pickup.minecraft.red_mushroom":3,"stat.craftingTableInteraction":76,"stat.drop.quark.tallow":4,"stat.killEntity.jenny":1,"stat.mineBlock.minecraft.log2":66,"stat.pickup.minecraft.wooden_pickaxe":1,"stat.killEntity.techguns.Bandit":1,"stat.pickup.minecraft.feather":21,"stat.mineBlock.fossil.figurine":4,"stat.killEntity.techguns.ZombieMiner":14,"stat.useItem.minecraft.furnace":4,"stat.pickup.minecraft.dye":10,"stat.pickup.minecraft.planks":3,"stat.pickup.minecraft.iron_leggings":1,"stat.pickup.minecraft.wheat_seeds":39,"stat.pickup.techguns.t1_miner_chestplate":2,"stat.mineBlock.futuremc.smooth_stone":36,"stat.useItem.minecraft.stone_pickaxe":166,"stat.pickup.waystones.waystone":1,"stat.craftItem.minecraft.iron_leggings":1,"stat.pickup.fossil.vase_kylix":1,"stat.mineBlock.minecraft.dirt":559,"stat.useItem.minecraft.torch":165,"stat.useItem.minecraft.bread":3,"stat.pickup.minecraft.golden_apple":1,"stat.drop.minecraft.porkchop":4,"stat.pickup.minecraft.crafting_table":1,"stat.mineBlock.techguns.basicore":41,"stat.useItem.minecraft.cobblestone":396,"stat.craftItem.minecraft.crafting_table":8,"stat.mineBlock.minecraft.double_plant":2,"stat.pickup.minecraft.log":275,"stat.pickup.harvestcraft.hazelnutitem":6,"stat.pickup.futuremc.smooth_stone":35,"stat.pickup.minecraft.iron_pickaxe":1,"stat.craftItem.usefulbackpacks.backpack":1,"stat.pickup.minecraft.chicken":17,"stat.craftItem.quark.custom_bookshelf":4,"stat.pickup.minecraft.sapling":119,"stat.pickup.minecraft.apple":9,"stat.killEntity.slime":38,"stat.useItem.minecraft.glass_pane":63,"stat.pickup.srparasites.bone":1,"stat.drop.minecraft.bow":1,"stat.mineBlock.overlast.red_leaves":13,"stat.pickup.minecraft.beetroot":1,"stat.pickup.srparasites.ada_summoner_drop":2,"stat.pickup.harvestcraft.parsnipitem":1,"stat.craftItem.minecraft.planks":760,"stat.pickup.futuremc.cornflower":4,"stat.useItem.minecraft.stonebrick":3,"stat.pickup.minecraft.book":66,"stat.mineBlock.minecraft.log":222,"stat.useItem.carryon.entity_item":51,"stat.pickup.quark.variant_sapling":3,"stat.sneakTime":14303,"stat.pickup.minecraft.wool":35,"stat.drop.firstaid.bandage":21,"stat.useItem.minecraft.wooden_axe":10,"stat.pickup.minecraft.stone_slab":8,"stat.mineBlock.minecraft.jukebox":1,"stat.pickup.minecraft.yellow_flower":2,"stat.pickup.minecraft.chest":1,"stat.craftItem.minecraft.enchanting_table":1,"stat.drop.minecraft.stone_pickaxe":1,"stat.pickup.minecraft.bone":34,"stat.mineBlock.fossil.skull_lantern":2,"stat.pickup.fossil.biofossil":9,"stat.useItem.minecraft.iron_axe":323,"stat.drop.minecraft.stone_shovel":1,"stat.mineBlock.minecraft.cobblestone":105,"stat.mineBlock.srparasites.gore":29,"stat.pickup.fossil.figurine":4,"stat.useItem.minecraft.diamond_sword":2,"stat.pickup.iceandfire.deathworm_chitin":5,"stat.useItem.securitycraft.reinforced_stairs_brick":28,"stat.mineBlock.minecraft.stained_glass_pane":3,"stat.craftItem.minecraft.iron_trapdoor":1,"stat.swimOneCm":74501,"stat.climbOneCm":91080,"stat.drop.minecraft.cobblestone":38,"stat.killEntity.techguns.ZombieSoldier":6,"stat.mineBlock.fossil.vase_amphora":1,"stat.drop.minecraft.brown_mushroom":1,"stat.useItem.minecraft.dirt":1076,"stat.useItem.minecraft.stone_slab2":2175,"stat.pickup.minecraft.bow":1,"stat.craftItem.minecraft.furnace":9,"stat.pickup.fossil.vase_volute":1,"stat.pickup.securitycraft.reinforced_stairs_cobblestone":1,"stat.craftItem.spartanshields.shield_basic_iron":1,"stat.pickup.fossil.worktable":1,"stat.pickup.securitycraft.reinforced_stairs_brick":32,"stat.craftItem.futuremc.smooth_stone":939,"stat.craftItem.minecraft.stone_pickaxe":2,"stat.pickup.minecraft.cobblestone":3227,"stat.pickup.minecraft.iron_trapdoor":1,"stat.drop.minecraft.fence":1,"stat.mineBlock.minecraft.clay":99,"stat.flyOneCm":4610283,"stat.pickup.minecraft.fish":5,"stat.pickup.minecraft.redstone":15,"stat.mineBlock.minecraft.iron_ore":118,"stat.timeSinceDeath":1785,"stat.pickup.fossil.plant_fossil":12,"stat.pickup.minecraft.mutton":26,"stat.craftItem.minecraft.iron_block":6,"stat.killEntity.Bat":2,"stat.killEntity.techguns.SkeletonSoldier":2,"stat.pickup.harvestcraft.whitemushroomitem":1,"stat.useItem.futuremc.smooth_stone":839,"stat.pickup.minecraft.stonebrick":10,"stat.drop.minecraft.dirt":5,"stat.pickup.minecraft.carpet":5,"stat.mineBlock.minecraft.coal_ore":283,"stat.killEntity.Creeper":4,"stat.talkedToVillager":10,"stat.pickup.minecraft.string":12,"stat.pickup.securitycraft.reinforced_stairs_oak":1,"stat.mineBlock.minecraft.ladder":2,"stat.drop.minecraft.log2":3,"stat.craftItem.minecraft.brick_block":64,"stat.drop.usefulbackpacks.backpack":2,"stat.pickup.tombstone.crafting_ingredient":7,"stat.craftItem.minecraft.stone_slab2":0,"stat.killEntity.Squid":1,"stat.pickup.srparasites.beckon_drop":5,"stat.sprintOneCm":1388582,"stat.mineBlock.minecraft.stone_slab":6,"stat.craftItem.minecraft.stick":76,"stat.craftItem.minecraft.wooden_axe":2,"stat.useItem.minecraft.stone_slab":168,"stat.craftItem.minecraft.stone":998,"stat.pickup.techguns.t1_miner_leggings":1,"stat.pickup.harvestcraft.barleyitem":1,"stat.useItem.securitycraft.keypad_item":7,"stat.mineBlock.minecraft.crafting_table":1,"stat.pickup.fossil.relic_scrap":16,"stat.waystones:waystonesActivated":3,"stat.pickup.minecraft.leather_leggings":1,"stat.pickup.overlast.dumpling":20,"stat.mineBlock.quark.marble":260,"stat.drop":142,"stat.pickup.minecraft.jukebox":2,"stat.killEntity.Sheep":17,"stat.drop.tombstone.grave_key":1,"stat.useItem.minecraft.ladder":15,"stat.pickup.tombstone.grave_key":1,"stat.pickup.minecraft.slime_ball":100,"stat.pickup.minecraft.iron_block":3,"stat.killEntity.Zombie":2,"stat.diveOneCm":178578,"stat.pickup.minecraft.wheat":10,"stat.craftItem.minecraft.ladder":12,"stat.pickup.securitycraft.reinforced_logs":1,"stat.pickup.minecraft.sign":3,"stat.mineBlock.fossil.vase_volute":1,"stat.pickup.techguns.t1_combat_chestplate":1,"stat.pickup.minecraft.obsidian":5,"stat.craftItem.minecraft.brick_stairs":32,"stat.jump":5059,"stat.pickup.minecraft.coal":304,"stat.pickup.minecraft.iron_ingot":7,"stat.mineBlock.fossil.fossil":60,"stat.craftItem.minecraft.lever":1,"stat.useItem.minecraft.stone_axe":100,"stat.pickup.minecraft.gunpowder":14,"stat.craftItem.minecraft.torch":36,"stat.pickup.minecraft.dirt":647,"stat.craftItem.minecraft.iron_helmet":1,"stat.pickup.harvestcraft.bellpepperitem":1,"stat.pickup.minecraft.iron_ore":172,"stat.pickup.minecraft.stone_shovel":2,"stat.mineBlock.fossil.sifter":1,"stat.useItem.minecraft.sapling":26,"stat.entityKilledBy.techguns.SkeletonSoldier":1,"stat.drop.overlast.dumpling":48,"stat.damageTaken":4895,"stat.pickup.minecraft.leather":11,"stat.mineBlock.minecraft.torch":12,"stat.mineBlock.minecraft.furnace":4,"stat.useItem.minecraft.wooden_pickaxe":8,"stat.dispenserInspected":1,"stat.pickup.srparasites.assimilated_flesh":19,"stat.pickup.minecraft.log2":71,"stat.pickup.minecraft.bed":8,"tombstone:undead_killed":33,"stat.pickup.fossil.sifter":1,"stat.useItem.securitycraft.reinforced_stone_slabs":1,"stat.pickup.minecraft.potato":3,"stat.damageDealt":19770,"stat.sleepInBed":18,"stat.drop.hammerx.item.hammer":2,"stat.killEntity.Cow":4,"stat.killEntity.Pig":18,"stat.craftItem.minecraft.stone_slab":186,"stat.drop.techguns.itemshared":4,"stat.pickup.techguns.itemshared":29,"stat.walkOneCm":1974775,"stat.useItem.quark.custom_chest":1,"stat.playerKills":2,"stat.useItem.minecraft.chest":3,"stat.pickup.minecraft.stick":18,"stat.craftItem.quark.custom_chest":2,"stat.pickup.techguns.t1_miner_boots":1,"stat.pickup.minecraft.clay_ball":392,"stat.killEntity.quark:stoneling":1,"stat.drop.techguns.thompson":1,"stat.pickup.minecraft.stone":1,"stat.mineBlock.minecraft.wool":12,"stat.drop.minecraft.potato":2,"stat.useItem.quark.custom_bookshelf":3,"stat.killEntity.futuremc:salmon":1,"stat.pickup.minecraft.ladder":5,"stat.pickup.fossil.skull_lantern":2,"stat.killEntity.Skeleton":1,"stat.craftItem.minecraft.bookshelf":12,"stat.pickup.iceandfire.chain":2,"stat.killEntity.Chicken":17,"stat.pickup.harvestcraft.cucumberitem":1,"stat.killEntity.Spider":2,"stat.pickup.harvestcraft.strawberryitem":1,"stat.pickup.minecraft.bread":18,"stat.useItem.hammerx.item.hammer":243,"stat.mineBlock.waystones.waystone":1,"stat.mobKills":287,"stat.mineBlock.minecraft.bookshelf":22,"stat.pickup.minecraft.quartz":5,"stat.craftItem.minecraft.shears":1,"stat.pickup.fossil.skull_block":4,"stat.mineBlock.fossil.worktable":1,"stat.pickup.minecraft.diamond":10,"stat.pickup.minecraft.beetroot_seeds":2,"stat.mineBlock.minecraft.leaves":4,"stat.mineBlock.srparasites.parasitecanister":4,"stat.pickup.minecraft.torch":63,"stat.craftItem.minecraft.brick":256,"stat.mineBlock.minecraft.stone":2928}