{"stat.chestOpened":1,"stat.flyOneCm":117338,"stat.deaths":1,"stat.walkOneCm":15157,"stat.pickup.minecraft.wheat_seeds":1,"stat.jump":174,"stat.swimOneCm":646,"stat.playOneMinute":11725,"stat.fallOneCm":2775,"stat.leaveGame":1,"stat.sneakTime":201,"stat.damageTaken":277,"stat.damageDealt":48,"stat.crouchOneCm":93,"stat.timeSinceDeath":11062,"stat.sprintOneCm":31637,"stat.useItem.minecraft.spawn_egg":1,"stat.useItem.minecraft.stone_slab2":1,"stat.pickup.minecraft.planks":1,"stat.useItem.carryon.entity_item":2}