{"stat.chestOpened":1,"stat.walkOneCm":37711,"stat.leaveGame":2,"stat.jump":205,"stat.swimOneCm":646,"stat.fallOneCm":2775,"stat.drop.minecraft.log2":3,"stat.pickup.firstaid.bandage":16,"stat.crouchOneCm":191,"stat.sprintOneCm":48390,"stat.useItem.minecraft.stone_slab2":6,"stat.drop.overlast.dumpling":20,"stat.damageTaken":277,"stat.pickup.minecraft.log2":3,"stat.pickup.minecraft.planks":1,"stat.pickup.overlast.dumpling":20,"stat.useItem.carryon.entity_item":7,"stat.flyOneCm":119654,"stat.deaths":1,"stat.pickup.minecraft.wheat_seeds":1,"stat.drop":23,"stat.playOneMinute":23109,"stat.sneakTime":259,"stat.useItem.overlast.dumpling":5,"stat.damageDealt":48,"stat.timeSinceDeath":22446,"stat.useItem.minecraft.spawn_egg":2}