{"stat.leaveGame":47,"stat.pickup.quark.ancient_tome":1,"stat.pickup.firstaid.bandage":37,"stat.drop.minecraft.iron_sword":1,"stat.pickup.minecraft.rotten_flesh":14,"stat.pickup.minecraft.brick_block":4,"stat.craftItem.minecraft.stone_axe":2,"stat.pickup.iceandfire.chared_cobblestone":1,"stat.entityKilledBy.techguns.ZombieSoldier":2,"stat.craftItem.minecraft.iron_shovel":3,"stat.pickup.minecraft.brown_mushroom":4,"stat.killEntity.Witch":1,"stat.pickup.harvestcraft.scallionitem":1,"stat.pickup.quark.tallow":34,"stat.mineBlock.fossil.vase_kylix":1,"stat.useItem.minecraft.iron_pickaxe":1822,"stat.useItem.minecraft.iron_shovel":684,"stat.pickup.minecraft.double_plant":1,"stat.craftItem.minecraft.bed":1,"stat.pickup.harvestcraft.onionitem":1,"stat.pickup.techguns.basicore":52,"stat.furnaceInteraction":274,"stat.pickup.fossil.scarab_gem":3,"stat.killEntity.ZombieVillager":1,"stat.drop.minecraft.red_flower":1,"stat.pickup.minecraft.beef":11,"stat.useItem.quark.marble":1,"stat.pickup.securitycraft.reinforced_brick":40,"stat.pickup.futuremc.stripped_oak_log":1,"stat.pickup.mca.rose_gold_ore":3,"stat.pickup.tombstone.gift":1,"stat.pickup.minecraft.potion":1,"stat.pickup.minecraft.emerald":13,"stat.pickup.securitycraft.universal_block_reinforcer_lvl2":1,"stat.deaths":20,"stat.pickup.techguns.t1_miner_helmet":1,"stat.craftItem.minecraft.iron_pickaxe":8,"stat.drop.minecraft.iron_ingot":3,"stat.drop.minecraft.torch":1,"stat.pickup.fossil.vase_amphora":1,"stat.mineBlock.minecraft.tallgrass":58,"stat.chestOpened":99,"stat.pickup.minecraft.arrow":25,"stat.pickup.minecraft.iron_sword":1,"stat.pickup.iceandfire.silver_nugget":2,"stat.pickup.minecraft.carrot":2,"stat.crouchOneCm":6548,"stat.mineBlock.minecraft.chest":1,"stat.craftItem.minecraft.iron_ingot":122,"stat.craftingTableInteraction":77,"stat.pickup.iceandfire.silver_ore":3,"stat.drop.quark.tallow":4,"stat.killEntity.jenny":1,"stat.mineBlock.minecraft.log2":66,"stat.pickup.minecraft.wooden_pickaxe":1,"stat.mineBlock.fossil.figurine":4,"stat.pickup.minecraft.dye":11,"stat.pickup.minecraft.planks":3,"stat.pickup.minecraft.wheat_seeds":46,"stat.pickup.techguns.t1_miner_chestplate":2,"stat.mineBlock.futuremc.smooth_stone":36,"stat.killEntity.techguns.ZombiePigmanSoldier":1,"stat.mineBlock.minecraft.dirt":559,"stat.useItem.minecraft.bread":3,"stat.drop.minecraft.porkchop":4,"stat.useItem.minecraft.cobblestone":396,"stat.mineBlock.minecraft.double_plant":2,"stat.pickup.harvestcraft.hazelnutitem":6,"stat.pickup.futuremc.smooth_stone":35,"stat.pickup.minecraft.iron_pickaxe":1,"stat.pickup.minecraft.chicken":17,"stat.craftItem.quark.custom_bookshelf":4,"stat.pickup.minecraft.apple":21,"stat.useItem.minecraft.glass_pane":63,"stat.drop.minecraft.fish":1,"stat.craftItem.minecraft.planks":760,"stat.pickup.futuremc.cornflower":4,"stat.itemEnchanted":1,"stat.pickup.minecraft.stone_sword":1,"stat.useItem.minecraft.stonebrick":3,"stat.pickup.minecraft.book":114,"stat.mineBlock.minecraft.log":222,"stat.useItem.carryon.entity_item":59,"stat.pickup.minecraft.red_flower":1,"stat.pickup.minecraft.wool":35,"stat.useItem.minecraft.wooden_axe":10,"stat.mineBlock.fossil.skull_lantern":2,"stat.pickup.fossil.biofossil":14,"stat.useItem.minecraft.iron_axe":343,"stat.drop.minecraft.stone_shovel":1,"stat.mineBlock.minecraft.cobblestone":106,"stat.killEntity.bee":1,"stat.mineBlock.iceandfire.chared_stone":1,"stat.mineBlock.srparasites.gore":32,"stat.mineBlock.minecraft.stained_glass_pane":3,"stat.drop.minecraft.cobblestone":38,"stat.killEntity.techguns.ZombieSoldier":9,"stat.mineBlock.fossil.vase_amphora":1,"stat.useItem.minecraft.stone_slab2":6104,"stat.pickup.minecraft.bow":1,"stat.craftItem.minecraft.furnace":9,"stat.pickup.fossil.vase_volute":2,"stat.pickup.securitycraft.reinforced_stairs_cobblestone":1,"stat.craftItem.futuremc.smooth_stone":939,"stat.pickup.minecraft.iron_trapdoor":1,"stat.mineBlock.minecraft.clay":99,"stat.pickup.minecraft.diamond_leggings":1,"stat.flyOneCm":5701524,"stat.pickup.minecraft.fish":7,"stat.timeSinceDeath":168075,"stat.craftItem.minecraft.iron_block":6,"stat.killEntity.Bat":2,"stat.pickup.harvestcraft.whitemushroomitem":1,"stat.mineBlock.minecraft.enchanting_table":1,"stat.mineBlock.minecraft.coal_ore":309,"stat.killEntity.Creeper":12,"stat.talkedToVillager":10,"stat.pickup.minecraft.string":18,"stat.pickup.securitycraft.reinforced_stairs_oak":1,"stat.mineBlock.minecraft.ladder":2,"stat.drop.usefulbackpacks.backpack":2,"stat.pickup.tombstone.crafting_ingredient":13,"stat.pickup.techguns.t1_scout_helmet":1,"stat.killEntity.Squid":1,"stat.pickup.srparasites.beckon_drop":5,"stat.sprintOneCm":1662685,"stat.mineBlock.minecraft.stone_slab":6,"stat.craftItem.minecraft.wooden_axe":2,"stat.mineBlock.minecraft.diamond_ore":2,"stat.useItem.securitycraft.keypad_item":7,"stat.pickup.nocubessrpnests.organicsample":2,"stat.pickup.fossil.relic_scrap":17,"stat.waystones:waystonesActivated":3,"stat.pickup.minecraft.leather_leggings":1,"stat.pickup.overlast.dumpling":20,"stat.mineBlock.quark.marble":260,"stat.drop.tombstone.grave_key":1,"stat.useItem.minecraft.ladder":15,"stat.pickup.tombstone.grave_key":1,"stat.pickup.techguns.t1_scout_boots":1,"stat.pickup.minecraft.iron_block":3,"stat.killEntity.Zombie":7,"stat.mineBlock.minecraft.gold_ore":1,"stat.diveOneCm":250190,"stat.pickup.minecraft.wheat":19,"stat.craftItem.minecraft.ladder":12,"stat.pickup.securitycraft.reinforced_logs":1,"stat.pickup.minecraft.sign":3,"stat.mineBlock.fossil.vase_volute":2,"stat.pickup.techguns.t1_combat_chestplate":1,"stat.pickup.minecraft.obsidian":5,"stat.jump":6424,"stat.pickup.minecraft.coal":338,"stat.pickup.minecraft.iron_ingot":13,"stat.mineBlock.fossil.fossil":72,"stat.craftItem.minecraft.lever":1,"stat.pickup.minecraft.gunpowder":39,"stat.pickup.iceandfire.chared_stone":3,"stat.craftItem.minecraft.torch":36,"stat.pickup.minecraft.dirt":704,"stat.pickup.minecraft.stone_shovel":3,"stat.useItem.minecraft.sapling":26,"stat.pickup.minecraft.gold_ore":1,"stat.damageTaken":6898,"stat.mineBlock.minecraft.torch":13,"stat.pickup.srparasites.assimilated_flesh":25,"stat.pickup.minecraft.log2":71,"stat.pickup.minecraft.bed":9,"stat.pickup.fossil.sifter":1,"stat.useItem.securitycraft.reinforced_stone_slabs":1,"stat.pickup.minecraft.potato":3,"stat.craftItem.minecraft.stone_slab":186,"stat.drop.techguns.itemshared":4,"stat.pickup.techguns.itemshared":69,"stat.useItem.minecraft.chest":3,"stat.pickup.minecraft.diamond_pickaxe":1,"stat.pickup.techguns.thompson":1,"stat.drop.minecraft.potato":2,"stat.useItem.quark.custom_bookshelf":3,"stat.pickup.minecraft.ender_pearl":1,"stat.pickup.minecraft.ladder":5,"stat.craftItem.minecraft.bookshelf":12,"stat.mineBlock.minecraft.stonebrick":2,"stat.pickup.harvestcraft.cucumberitem":1,"stat.pickup.harvestcraft.strawberryitem":1,"stat.useItem.hammerx.item.hammer":247,"stat.mineBlock.waystones.waystone":1,"stat.mobKills":385,"stat.pickup.minecraft.diamond_boots":1,"stat.mineBlock.minecraft.bookshelf":34,"stat.craftItem.minecraft.shears":1,"stat.pickup.fossil.skull_block":5,"stat.pickup.minecraft.diamond":12,"stat.pickup.minecraft.beetroot_seeds":2,"stat.pickup.minecraft.torch":67,"stat.useItem.minecraft.bookshelf":9,"stat.entityKilledBy.techguns.ZombieMiner":2,"stat.craftItem.minecraft.iron_axe":2,"stat.pickup.srparasites.parasitecanister":3,"stat.useItem.minecraft.planks":3,"stat.killEntity.futuremc:cod":1,"stat.pickup.minecraft.glowstone_dust":2,"stat.pickup.minecraft.porkchop":38,"stat.pickup.srparasites.ada_longarms_drop":1,"stat.pickup.minecraft.sand":1,"stat.mineBlock.nocubessrpnests.nestegg":2,"stat.pickup.hammerx.item.hammer":3,"stat.pickup.minecraft.name_tag":1,"stat.entityKilledBy.firedragon":1,"stat.mineBlock.minecraft.sand":1,"stat.pickup.securitycraft.reinforced_cobblestone":37,"stat.pickup.quark.marble":260,"stat.pickup.quark.rune":1,"stat.mineBlock.futuremc.stripped_oak_log":1,"stat.killEntity.techguns.ZombieFarmer":14,"stat.craftItem.spartanshields.shield_basic_wood":1,"stat.useItem.securitycraft.reinforced_brick":38,"stat.useItem.securitycraft.reinforced_cobblestone":40,"stat.useItem.minecraft.spawn_egg":6,"stat.pickup.srparasites.lurecomponent2":2,"stat.mineBlock.futuremc.cornflower":1,"stat.pickup.srparasites.lurecomponent1":40,"stat.craftItem.hammerx.item.hammer":2,"stat.pickup.minecraft.furnace":4,"stat.pickup.tombstone.magic_scroll":2,"stat.killEntity.techguns.CyberDemon":1,"stat.entityKilledBy.mutantbeasts.mutant_skeleton":1,"stat.pickup.fossil.broken_helmet":1,"stat.playOneMinute":1098329,"stat.drop.securitycraft.universal_block_reinforcer_lvl2":1,"stat.pickup.minecraft.diamond_block":3,"stat.useItem.overlast.dumpling":82,"stat.mineBlock.minecraft.ice":17,"stat.fallOneCm":65484,"stat.entityKilledBy.techguns.Bandit":4,"stat.craftItem.minecraft.chest":6,"stat.pickup.minecraft.red_mushroom":3,"stat.entityKilledBy.techguns.CyberDemon":1,"stat.killEntity.techguns.Bandit":8,"stat.pickup.minecraft.feather":21,"stat.killEntity.techguns.ZombieMiner":19,"stat.useItem.minecraft.furnace":4,"stat.pickup.minecraft.iron_leggings":1,"stat.useItem.minecraft.stone_pickaxe":166,"stat.pickup.waystones.waystone":1,"stat.craftItem.minecraft.iron_leggings":1,"stat.useItem.minecraft.wool":1,"stat.pickup.fossil.vase_kylix":1,"stat.useItem.minecraft.torch":192,"stat.pickup.minecraft.golden_apple":1,"stat.pickup.minecraft.crafting_table":1,"stat.mineBlock.techguns.basicore":49,"stat.craftItem.minecraft.crafting_table":8,"stat.pickup.minecraft.iron_hoe":1,"stat.mineBlock.minecraft.emerald_ore":12,"stat.pickup.minecraft.log":275,"stat.pickup.usefulbackpacks.backpack":1,"stat.craftItem.usefulbackpacks.backpack":1,"stat.pickup.minecraft.sapling":121,"stat.killEntity.slime":38,"stat.pickup.srparasites.bone":1,"stat.drop.minecraft.bow":1,"stat.mineBlock.overlast.red_leaves":13,"stat.pickup.minecraft.beetroot":1,"stat.pickup.srparasites.ada_summoner_drop":2,"stat.pickup.harvestcraft.parsnipitem":1,"stat.pickup.minecraft.diamond_helmet":1,"stat.pickup.quark.variant_sapling":3,"stat.sneakTime":17712,"stat.drop.firstaid.bandage":21,"stat.pickup.minecraft.stone_slab":8,"stat.mineBlock.minecraft.jukebox":2,"stat.pickup.minecraft.yellow_flower":2,"stat.pickup.minecraft.chest":1,"stat.craftItem.minecraft.enchanting_table":1,"stat.drop.minecraft.stone_pickaxe":1,"stat.pickup.minecraft.bone":43,"stat.pickup.fossil.figurine":4,"stat.useItem.minecraft.diamond_sword":2,"stat.pickup.iceandfire.deathworm_chitin":5,"stat.useItem.securitycraft.reinforced_stairs_brick":28,"stat.craftItem.minecraft.iron_trapdoor":1,"stat.useItem.spartanweaponry.longsword_diamond":82,"stat.swimOneCm":116206,"stat.climbOneCm":92001,"stat.drop.minecraft.brown_mushroom":1,"stat.useItem.minecraft.dirt":1946,"stat.pickup.minecraft.enchanting_table":2,"stat.craftItem.spartanshields.shield_basic_iron":1,"stat.pickup.fossil.worktable":1,"stat.pickup.securitycraft.reinforced_stairs_brick":32,"stat.craftItem.minecraft.stone_pickaxe":2,"stat.pickup.minecraft.cobblestone":3281,"stat.drop.minecraft.fence":1,"stat.drop.minecraft.wheat_seeds":3,"stat.pickup.minecraft.redstone":41,"stat.mineBlock.minecraft.iron_ore":137,"stat.pickup.fossil.plant_fossil":15,"stat.pickup.minecraft.mutton":26,"stat.killEntity.techguns.SkeletonSoldier":4,"stat.drop.minecraft.coal":3,"stat.useItem.futuremc.smooth_stone":839,"stat.pickup.minecraft.stonebrick":12,"stat.drop.minecraft.dirt":6,"stat.pickup.minecraft.carpet":5,"stat.pickup.minecraft.diamond_shovel":1,"stat.drop.minecraft.log2":3,"stat.craftItem.minecraft.brick_block":64,"stat.craftItem.minecraft.stone_slab2":0,"stat.craftItem.minecraft.stick":76,"stat.useItem.minecraft.stone_slab":168,"stat.craftItem.minecraft.stone":998,"stat.pickup.techguns.t1_miner_leggings":1,"stat.pickup.harvestcraft.barleyitem":1,"stat.mineBlock.minecraft.crafting_table":1,"stat.pickup.minecraft.diamond_chestplate":1,"stat.drop":157,"stat.pickup.minecraft.jukebox":3,"stat.killEntity.Sheep":17,"stat.pickup.minecraft.slime_ball":100,"stat.pickup.nocubessrpsurvival.flesheater":1,"stat.craftItem.minecraft.brick_stairs":32,"stat.useItem.minecraft.stone_axe":100,"stat.pickup.minecraft.spider_eye":1,"stat.craftItem.minecraft.iron_helmet":1,"stat.pickup.harvestcraft.bellpepperitem":1,"stat.pickup.minecraft.iron_ore":191,"stat.mineBlock.mca.rose_gold_ore":3,"stat.mineBlock.fossil.sifter":1,"stat.entityKilledBy.techguns.SkeletonSoldier":1,"stat.drop.overlast.dumpling":48,"stat.pickup.minecraft.leather":22,"stat.mineBlock.minecraft.furnace":4,"stat.useItem.minecraft.wooden_pickaxe":8,"stat.dispenserInspected":1,"stat.mineBlock.iceandfire.chared_cobblestone":1,"stat.killEntity.CaveSpider":3,"tombstone:undead_killed":61,"stat.damageDealt":25714,"stat.sleepInBed":18,"stat.drop.hammerx.item.hammer":4,"stat.killEntity.Cow":5,"stat.killEntity.Pig":18,"stat.walkOneCm":2225269,"stat.useItem.quark.custom_chest":1,"stat.playerKills":4,"stat.pickup.minecraft.stick":21,"stat.craftItem.quark.custom_chest":2,"stat.pickup.techguns.t1_miner_boots":1,"stat.pickup.minecraft.clay_ball":424,"stat.killEntity.quark:stoneling":1,"stat.useItem.fossil.figurine":3,"stat.drop.techguns.thompson":1,"stat.pickup.minecraft.stone":1,"stat.mineBlock.minecraft.wool":12,"stat.killEntity.futuremc:salmon":1,"stat.pickup.fossil.skull_lantern":2,"stat.killEntity.Skeleton":5,"stat.mineBlock.quark.custom_bookshelf":4,"stat.pickup.iceandfire.chain":2,"stat.killEntity.Chicken":17,"stat.killEntity.Spider":4,"stat.pickup.minecraft.bread":22,"stat.pickup.minecraft.quartz":5,"stat.mineBlock.fossil.worktable":1,"stat.mineBlock.minecraft.leaves":4,"stat.mineBlock.srparasites.parasitecanister":4,"stat.mineBlock.minecraft.redstone_ore":2,"stat.craftItem.minecraft.brick":256,"stat.mineBlock.minecraft.stone":2943}