{"stat.chestOpened":13,"stat.pickup.minecraft.pumpkin":7,"stat.mineBlock.minecraft.mossy_cobblestone":7,"stat.pickup.minecraft.bone":49,"stat.pickup.minecraft.bookshelf":2,"stat.leaveGame":4,"stat.pickup.minecraft.waterlily":5,"stat.pickup.minecraft.arrow":34,"stat.mineBlock.minecraft.pumpkin":7,"stat.pickup.minecraft.stone_pickaxe":1,"stat.mineBlock.srparasites.gore":6,"stat.pickup.charm.charged_emerald":1,"stat.pickup.tombstone.familiar_stone":1,"stat.useItem.minecraft.diamond_sword":6,"stat.pickup.minecraft.diamond_sword":1,"stat.jump":653,"stat.swimOneCm":29609,"stat.fallOneCm":8931,"stat.pickup.minecraft.enchanted_book":1,"stat.pickup.minecraft.iron_ingot":1,"stat.useItem.minecraft.planks":102,"stat.useItem.minecraft.stone_axe":38,"stat.killEntity.techguns.ZombieSoldier":2,"stat.pickup.minecraft.gunpowder":1,"stat.crouchOneCm":835,"stat.pickup.minecraft.glass":3,"stat.pickup.minecraft.spider_eye":3,"stat.useItem.minecraft.stone_slab2":30,"stat.pickup.minecraft.bow":4,"stat.craftingTableInteraction":4,"stat.pickup.minecraft.rotten_flesh":22,"stat.pickup.minecraft.diamond_horse_armor":1,"stat.pickup.minecraft.sand":67,"stat.craftItem.minecraft.furnace":3,"stat.useItem.minecraft.sapling":17,"stat.mineBlock.minecraft.glass_pane":1,"stat.mineBlock.minecraft.leaves2":1,"stat.pickup.minecraft.feather":15,"stat.pickup.iceandfire.witherbone":2,"stat.damageTaken":347,"stat.pickup.minecraft.bucket":1,"stat.killEntity.techguns.ZombieMiner":2,"stat.useItem.minecraft.furnace":2,"stat.pickup.minecraft.cobblestone":64,"stat.pickup.minecraft.log2":1,"stat.killEntity.if_cockatrice":1,"stat.pickup.minecraft.planks":1,"stat.useItem.minecraft.stone_shovel":72,"stat.killEntity.CaveSpider":12,"stat.flyOneCm":495181,"stat.pickup.minecraft.bed":2,"tombstone:undead_killed":65,"stat.pickup.minecraft.wheat_seeds":3,"stat.mineBlock.minecraft.sand":70,"stat.pickup.minecraft.potato":1,"stat.useItem.minecraft.stone_pickaxe":80,"stat.useItem.minecraft.stone_sword":49,"stat.killEntity.techguns.ZombieFarmer":3,"stat.damageDealt":3787,"stat.craftItem.minecraft.glass":26,"stat.pickup.minecraft.redstone":14,"stat.sleepInBed":6,"stat.timeSinceDeath":111603,"stat.pickup.minecraft.mossy_cobblestone":102,"stat.pickup.minecraft.record_13":1,"stat.pickup.techguns.itemshared":6,"stat.walkOneCm":142513,"stat.craftItem.minecraft.bed":1,"stat.pickup.minecraft.brewing_stand":1,"stat.useItem.minecraft.torch":8,"stat.craftItem.minecraft.glass_pane":64,"stat.useItem.minecraft.log":101,"stat.craftItem.minecraft.crafting_table":1,"stat.furnaceInteraction":7,"stat.pickup.minecraft.redstone_lamp":4,"stat.pickup.iceandfire.dragon_skull":1,"stat.pickup.harvestcraft.cornitem":3,"stat.pickup.nocubessrparmory.overlordcore":1,"stat.pickup.minecraft.log":61,"stat.pickup.iceandfire.manuscript":1,"stat.pickup.minecraft.string":25,"stat.pickup.tombstone.crafting_ingredient":4,"stat.craftItem.minecraft.stone_slab2":0,"stat.pickup.minecraft.chicken":1,"stat.pickup.minecraft.sapling":86,"stat.pickup.minecraft.ender_pearl":2,"stat.sprintOneCm":216823,"stat.mineBlock.minecraft.stone_slab":1,"stat.pickup.minecraft.apple":4,"stat.pickup.tombstone.magic_scroll":2,"stat.useItem.minecraft.glass_pane":63,"stat.pickup.minecraft.gold_ingot":8,"stat.killEntity.Skeleton":35,"stat.useItem.minecraft.stone_slab":271,"stat.pickup.harvestcraft.amaranthitem":1,"stat.pickup.minecraft.bread":4,"stat.mobKills":83,"stat.mineBlock.minecraft.log":62,"stat.useItem.carryon.entity_item":2,"stat.pickup.iceandfire.dragonbone":20,"stat.pickup.harvestcraft.mustardseedsitem":3,"stat.useItem.minecraft.mossy_cobblestone":419,"stat.mineBlock.minecraft.planks":1,"stat.pickup.minecraft.diamond":9,"stat.playOneMinute":111603,"stat.pickup.minecraft.torch":14,"stat.pickup.techguns.t1_miner_helmet":1,"stat.sneakTime":2493,"stat.useItem.overlast.dumpling":18,"stat.killEntity.Zombie":23,"stat.pickup.minecraft.stone_slab":35,"stat.mineBlock.minecraft.stone":64,"stat.mineBlock.minecraft.tallgrass":5,"stat.diveOneCm":68424,"stat.pickup.minecraft.wheat":9}