{"stat.leaveGame":32,"stat.craftItem.minecraft.iron_axe":1,"stat.pickup.srparasites.parasitecanister":3,"stat.useItem.minecraft.planks":2,"stat.pickup.firstaid.bandage":21,"stat.pickup.minecraft.porkchop":28,"stat.pickup.minecraft.rotten_flesh":2,"stat.pickup.minecraft.sand":1,"stat.pickup.minecraft.brick_block":4,"stat.craftItem.minecraft.stone_axe":2,"stat.pickup.minecraft.name_tag":1,"stat.entityKilledBy.techguns.ZombieSoldier":2,"stat.craftItem.minecraft.iron_shovel":3,"stat.pickup.minecraft.brown_mushroom":4,"stat.mineBlock.minecraft.sand":1,"stat.pickup.securitycraft.reinforced_cobblestone":37,"stat.pickup.quark.marble":172,"stat.pickup.harvestcraft.scallionitem":1,"stat.killEntity.techguns.ZombieFarmer":2,"stat.pickup.quark.tallow":31,"stat.mineBlock.fossil.vase_kylix":1,"stat.craftItem.spartanshields.shield_basic_wood":1,"stat.useItem.securitycraft.reinforced_cobblestone":40,"stat.useItem.minecraft.iron_pickaxe":1236,"stat.useItem.minecraft.spawn_egg":3,"stat.useItem.minecraft.iron_shovel":553,"stat.pickup.minecraft.double_plant":1,"stat.craftItem.minecraft.bed":1,"stat.pickup.techguns.basicore":30,"stat.furnaceInteraction":209,"stat.killEntity.ZombieVillager":1,"stat.mineBlock.futuremc.cornflower":1,"stat.pickup.srparasites.lurecomponent1":4,"stat.craftItem.hammerx.item.hammer":1,"stat.pickup.minecraft.beef":8,"stat.pickup.minecraft.furnace":3,"stat.entityKilledBy.mutantbeasts.mutant_skeleton":1,"stat.deaths":8,"stat.playOneMinute":472266,"stat.drop.securitycraft.universal_block_reinforcer_lvl2":1,"stat.craftItem.minecraft.iron_pickaxe":5,"stat.pickup.minecraft.diamond_block":3,"stat.useItem.overlast.dumpling":57,"stat.pickup.fossil.vase_amphora":1,"stat.mineBlock.minecraft.tallgrass":50,"stat.chestOpened":42,"stat.pickup.minecraft.arrow":6,"stat.fallOneCm":41762,"stat.pickup.minecraft.carrot":1,"stat.crouchOneCm":2283,"stat.craftItem.minecraft.chest":2,"stat.craftItem.minecraft.iron_ingot":109,"stat.pickup.minecraft.red_mushroom":3,"stat.craftingTableInteraction":59,"stat.drop.quark.tallow":4,"stat.mineBlock.minecraft.log2":66,"stat.pickup.minecraft.wooden_pickaxe":1,"stat.pickup.minecraft.feather":21,"stat.mineBlock.fossil.figurine":4,"stat.killEntity.techguns.ZombieMiner":7,"stat.useItem.minecraft.furnace":2,"stat.pickup.minecraft.planks":3,"stat.pickup.minecraft.wheat_seeds":30,"stat.pickup.techguns.t1_miner_chestplate":2,"stat.mineBlock.futuremc.smooth_stone":23,"stat.useItem.minecraft.stone_pickaxe":166,"stat.pickup.waystones.waystone":1,"stat.craftItem.minecraft.iron_leggings":1,"stat.pickup.fossil.vase_kylix":1,"stat.mineBlock.minecraft.dirt":522,"stat.useItem.minecraft.torch":93,"stat.pickup.minecraft.crafting_table":1,"stat.mineBlock.techguns.basicore":30,"stat.useItem.minecraft.cobblestone":197,"stat.craftItem.minecraft.crafting_table":6,"stat.mineBlock.minecraft.double_plant":2,"stat.pickup.minecraft.log":35,"stat.pickup.futuremc.smooth_stone":24,"stat.craftItem.usefulbackpacks.backpack":1,"stat.pickup.minecraft.chicken":17,"stat.craftItem.quark.custom_bookshelf":4,"stat.pickup.minecraft.sapling":28,"stat.pickup.minecraft.apple":1,"stat.killEntity.slime":14,"stat.pickup.minecraft.beetroot":1,"stat.pickup.srparasites.ada_summoner_drop":2,"stat.craftItem.minecraft.planks":412,"stat.pickup.futuremc.cornflower":1,"stat.useItem.minecraft.stonebrick":3,"stat.pickup.minecraft.book":66,"stat.mineBlock.minecraft.log":37,"stat.useItem.carryon.entity_item":48,"stat.pickup.quark.variant_sapling":3,"stat.sneakTime":6463,"stat.pickup.minecraft.wool":35,"stat.drop.firstaid.bandage":19,"stat.useItem.minecraft.wooden_axe":10,"stat.pickup.minecraft.stone_slab":2,"stat.mineBlock.minecraft.jukebox":1,"stat.drop.minecraft.stone_pickaxe":1,"stat.pickup.minecraft.bone":22,"stat.mineBlock.fossil.skull_lantern":2,"stat.pickup.fossil.biofossil":7,"stat.useItem.minecraft.iron_axe":148,"stat.drop.minecraft.stone_shovel":1,"stat.mineBlock.minecraft.cobblestone":51,"stat.mineBlock.srparasites.gore":22,"stat.pickup.fossil.figurine":4,"stat.mineBlock.minecraft.stained_glass_pane":3,"stat.craftItem.minecraft.iron_trapdoor":1,"stat.swimOneCm":15945,"stat.climbOneCm":54554,"stat.drop.minecraft.cobblestone":38,"stat.killEntity.techguns.ZombieSoldier":3,"stat.mineBlock.fossil.vase_amphora":1,"stat.drop.minecraft.brown_mushroom":1,"stat.useItem.minecraft.dirt":119,"stat.useItem.minecraft.stone_slab2":149,"stat.craftItem.minecraft.furnace":6,"stat.pickup.fossil.vase_volute":1,"stat.craftItem.spartanshields.shield_basic_iron":1,"stat.pickup.fossil.worktable":1,"stat.craftItem.futuremc.smooth_stone":482,"stat.craftItem.minecraft.stone_pickaxe":2,"stat.pickup.minecraft.cobblestone":2111,"stat.mineBlock.minecraft.clay":2,"stat.flyOneCm":2216396,"stat.pickup.minecraft.fish":5,"stat.pickup.minecraft.redstone":10,"stat.mineBlock.minecraft.iron_ore":87,"stat.timeSinceDeath":199839,"stat.pickup.fossil.plant_fossil":10,"stat.pickup.minecraft.mutton":26,"stat.craftItem.minecraft.iron_block":3,"stat.killEntity.Bat":1,"stat.pickup.harvestcraft.whitemushroomitem":1,"stat.useItem.futuremc.smooth_stone":315,"stat.pickup.minecraft.stonebrick":10,"stat.drop.minecraft.dirt":5,"stat.pickup.minecraft.carpet":5,"stat.mineBlock.minecraft.coal_ore":220,"stat.killEntity.Creeper":2,"stat.talkedToVillager":10,"stat.pickup.minecraft.string":2,"stat.mineBlock.minecraft.ladder":1,"stat.drop.minecraft.log2":3,"stat.drop.usefulbackpacks.backpack":2,"stat.pickup.tombstone.crafting_ingredient":3,"stat.craftItem.minecraft.stone_slab2":0,"stat.sprintOneCm":870361,"stat.mineBlock.minecraft.stone_slab":1,"stat.craftItem.minecraft.stick":68,"stat.craftItem.minecraft.wooden_axe":2,"stat.useItem.minecraft.stone_slab":103,"stat.craftItem.minecraft.stone":518,"stat.pickup.techguns.t1_miner_leggings":1,"stat.useItem.securitycraft.keypad_item":7,"stat.mineBlock.minecraft.crafting_table":1,"stat.pickup.fossil.relic_scrap":14,"stat.pickup.minecraft.leather_leggings":1,"stat.pickup.overlast.dumpling":20,"stat.mineBlock.quark.marble":172,"stat.drop":127,"stat.pickup.minecraft.jukebox":2,"stat.killEntity.Sheep":17,"stat.useItem.minecraft.ladder":12,"stat.pickup.minecraft.slime_ball":40,"stat.pickup.minecraft.iron_block":3,"stat.killEntity.Zombie":1,"stat.diveOneCm":42357,"stat.craftItem.minecraft.ladder":12,"stat.pickup.minecraft.sign":3,"stat.mineBlock.fossil.vase_volute":1,"stat.pickup.techguns.t1_combat_chestplate":1,"stat.jump":3537,"stat.pickup.minecraft.coal":236,"stat.pickup.minecraft.iron_ingot":2,"stat.mineBlock.fossil.fossil":53,"stat.craftItem.minecraft.lever":1,"stat.useItem.minecraft.stone_axe":100,"stat.pickup.minecraft.gunpowder":4,"stat.craftItem.minecraft.torch":36,"stat.pickup.minecraft.dirt":524,"stat.craftItem.minecraft.iron_helmet":1,"stat.pickup.minecraft.iron_ore":141,"stat.pickup.minecraft.stone_shovel":2,"stat.mineBlock.fossil.sifter":1,"stat.entityKilledBy.techguns.SkeletonSoldier":1,"stat.drop.overlast.dumpling":48,"stat.damageTaken":2680,"stat.pickup.minecraft.leather":6,"stat.mineBlock.minecraft.torch":10,"stat.mineBlock.minecraft.furnace":3,"stat.useItem.minecraft.wooden_pickaxe":8,"stat.dispenserInspected":1,"stat.pickup.srparasites.assimilated_flesh":2,"stat.pickup.minecraft.log2":71,"stat.pickup.minecraft.bed":8,"tombstone:undead_killed":14,"stat.pickup.fossil.sifter":1,"stat.pickup.minecraft.potato":2,"stat.damageDealt":12377,"stat.sleepInBed":15,"stat.drop.hammerx.item.hammer":2,"stat.killEntity.Cow":3,"stat.killEntity.Pig":16,"stat.craftItem.minecraft.stone_slab":126,"stat.pickup.techguns.itemshared":10,"stat.walkOneCm":1089409,"stat.useItem.quark.custom_chest":1,"stat.playerKills":1,"stat.pickup.minecraft.stick":18,"stat.craftItem.quark.custom_chest":2,"stat.pickup.techguns.t1_miner_boots":1,"stat.pickup.minecraft.clay_ball":8,"stat.killEntity.quark:stoneling":1,"stat.pickup.minecraft.stone":1,"stat.mineBlock.minecraft.wool":12,"stat.drop.minecraft.potato":2,"stat.useItem.quark.custom_bookshelf":3,"stat.killEntity.futuremc:salmon":1,"stat.pickup.minecraft.ladder":1,"stat.pickup.fossil.skull_lantern":2,"stat.pickup.iceandfire.chain":2,"stat.killEntity.Chicken":17,"stat.pickup.minecraft.bread":2,"stat.useItem.hammerx.item.hammer":142,"stat.mineBlock.waystones.waystone":1,"stat.mobKills":116,"stat.mineBlock.minecraft.bookshelf":22,"stat.pickup.minecraft.quartz":5,"stat.craftItem.minecraft.shears":1,"stat.pickup.fossil.skull_block":4,"stat.mineBlock.fossil.worktable":1,"stat.pickup.minecraft.beetroot_seeds":2,"stat.mineBlock.srparasites.parasitecanister":3,"stat.pickup.minecraft.torch":28,"stat.mineBlock.minecraft.stone":1930}