{"stat.pickup.minecraft.bone":55,"stat.pickup.minecraft.bookshelf":2,"stat.leaveGame":10,"stat.mineBlock.minecraft.pumpkin":7,"stat.pickup.minecraft.stone_pickaxe":1,"stat.mineBlock.srparasites.gore":7,"stat.pickup.tombstone.familiar_stone":1,"stat.useItem.minecraft.diamond_sword":6,"stat.pickup.srparasites.parasitecanister":2,"stat.swimOneCm":56272,"stat.pickup.minecraft.enchanted_book":1,"stat.useItem.minecraft.planks":113,"stat.climbOneCm":114,"stat.killEntity.techguns.ZombieSoldier":2,"stat.pickup.minecraft.glass":3,"stat.useItem.minecraft.stone_slab2":1564,"stat.pickup.harvestcraft.calamarirawitem":2,"stat.pickup.minecraft.bow":4,"stat.pickup.minecraft.rotten_flesh":28,"stat.pickup.minecraft.diamond_horse_armor":1,"stat.pickup.minecraft.sand":67,"stat.craftItem.minecraft.furnace":3,"stat.pickup.iceandfire.witherbone":2,"stat.pickup.fossil.bone_leg_bone":1,"stat.pickup.minecraft.bucket":1,"stat.pickup.minecraft.cobblestone":157,"stat.killEntity.if_cockatrice":1,"stat.useItem.minecraft.stone_shovel":72,"stat.flyOneCm":992357,"stat.mineBlock.minecraft.sand":70,"stat.pickup.minecraft.fish":7,"stat.craftItem.minecraft.wooden_slab":12,"stat.killEntity.techguns.ZombieFarmer":3,"stat.pickup.minecraft.redstone":17,"stat.timeSinceDeath":247507,"stat.useItem.minecraft.wooden_slab":5,"stat.pickup.minecraft.mossy_cobblestone":102,"stat.craftItem.minecraft.bed":1,"stat.craftItem.minecraft.glass_pane":64,"stat.furnaceInteraction":11,"stat.pickup.minecraft.redstone_lamp":4,"stat.pickup.iceandfire.dragon_skull":1,"stat.pickup.harvestcraft.cornitem":3,"stat.killEntity.ZombieVillager":1,"stat.pickup.srparasites.lurecomponent1":4,"stat.pickup.iceandfire.manuscript":1,"stat.pickup.minecraft.string":41,"stat.pickup.tombstone.crafting_ingredient":6,"stat.craftItem.minecraft.stone_slab2":0,"stat.useItem.minecraft.spruce_fence":7,"stat.killEntity.Squid":1,"stat.sprintOneCm":513246,"stat.mineBlock.minecraft.stone_slab":1,"stat.pickup.tombstone.magic_scroll":3,"stat.craftItem.minecraft.stick":16,"stat.useItem.minecraft.stone_slab":271,"stat.craftItem.minecraft.stone":20,"stat.pickup.harvestcraft.mustardseedsitem":3,"stat.mineBlock.minecraft.planks":4,"stat.playOneMinute":247507,"stat.pickup.techguns.t1_miner_helmet":1,"stat.useItem.overlast.dumpling":21,"stat.killEntity.Zombie":28,"stat.craftItem.minecraft.diamond_axe":1,"stat.mineBlock.minecraft.tallgrass":5,"stat.diveOneCm":150178,"stat.pickup.minecraft.wheat":28,"stat.chestOpened":24,"stat.pickup.minecraft.pumpkin":7,"stat.mineBlock.minecraft.mossy_cobblestone":7,"stat.pickup.minecraft.waterlily":5,"stat.pickup.minecraft.arrow":37,"stat.useItem.minecraft.diamond_axe":7,"stat.pickup.charm.charged_emerald":1,"stat.pickup.minecraft.diamond_sword":1,"stat.jump":1426,"stat.fallOneCm":10924,"stat.pickup.minecraft.iron_ingot":1,"stat.useItem.minecraft.stone_axe":77,"stat.pickup.minecraft.gunpowder":3,"stat.crouchOneCm":2495,"stat.mineBlock.minecraft.chest":1,"stat.pickup.minecraft.spider_eye":3,"stat.craftItem.minecraft.chest":1,"stat.pickup.minecraft.dirt":2,"stat.craftingTableInteraction":11,"stat.useItem.minecraft.sapling":22,"stat.mineBlock.minecraft.glass_pane":1,"stat.mineBlock.minecraft.leaves2":1,"stat.pickup.securitycraft.reinforced_mossy_cobblestone":1,"stat.pickup.minecraft.feather":15,"stat.damageTaken":473,"stat.killEntity.techguns.ZombieMiner":2,"stat.mineBlock.minecraft.torch":2,"stat.useItem.minecraft.furnace":2,"stat.pickup.srparasites.assimilated_flesh":5,"stat.pickup.minecraft.log2":1,"stat.pickup.minecraft.dye":1,"stat.pickup.minecraft.planks":4,"stat.killEntity.CaveSpider":12,"stat.pickup.minecraft.bed":3,"tombstone:undead_killed":72,"stat.pickup.minecraft.wheat_seeds":19,"stat.pickup.minecraft.potato":2,"stat.useItem.minecraft.stone_pickaxe":80,"stat.useItem.minecraft.stone_sword":49,"stat.damageDealt":6493,"stat.craftItem.minecraft.glass":64,"stat.sleepInBed":8,"stat.pickup.minecraft.record_13":1,"stat.pickup.techguns.itemshared":7,"stat.walkOneCm":436109,"stat.pickup.minecraft.brewing_stand":1,"stat.useItem.minecraft.torch":81,"stat.useItem.minecraft.log":105,"stat.pickup.minecraft.clay_ball":28,"stat.craftItem.minecraft.crafting_table":2,"stat.pickup.nocubessrparmory.overlordcore":1,"stat.pickup.minecraft.log":76,"stat.pickup.securitycraft.reinforced_stone":5,"stat.pickup.minecraft.chicken":1,"stat.pickup.securitycraft.reinforced_sandstone":3,"stat.pickup.minecraft.sapling":92,"stat.pickup.minecraft.ender_pearl":2,"stat.pickup.minecraft.apple":8,"stat.useItem.minecraft.glass_pane":63,"stat.pickup.minecraft.gold_ingot":8,"stat.killEntity.Skeleton":36,"stat.craftItem.charm.barrel":2,"stat.pickup.securitycraft.reinforced_clay":1,"stat.pickup.harvestcraft.amaranthitem":1,"stat.craftItem.minecraft.planks":64,"stat.pickup.minecraft.bread":4,"stat.craftItem.minecraft.spruce_fence":9,"stat.mobKills":125,"stat.mineBlock.minecraft.log":77,"stat.useItem.carryon.entity_item":2,"stat.pickup.iceandfire.dragonbone":20,"stat.useItem.minecraft.mossy_cobblestone":419,"stat.pickup.minecraft.diamond":9,"stat.mineBlock.minecraft.leaves":2,"stat.pickup.minecraft.torch":27,"stat.sneakTime":4881,"stat.pickup.minecraft.stone_slab":35,"stat.mineBlock.minecraft.stone":64,"stat.pickup.minecraft.chest":1,"stat.pickup.securitycraft.reinforced_sand":2}