{"stat.leaveGame":22,"stat.craftItem.minecraft.iron_axe":1,"stat.pickup.srparasites.parasitecanister":3,"stat.useItem.minecraft.planks":2,"stat.pickup.firstaid.bandage":21,"stat.pickup.minecraft.porkchop":28,"stat.pickup.minecraft.rotten_flesh":2,"stat.pickup.minecraft.sand":1,"stat.pickup.minecraft.brick_block":4,"stat.craftItem.minecraft.stone_axe":2,"stat.pickup.minecraft.name_tag":1,"stat.entityKilledBy.techguns.ZombieSoldier":2,"stat.craftItem.minecraft.iron_shovel":3,"stat.pickup.minecraft.brown_mushroom":3,"stat.mineBlock.minecraft.sand":1,"stat.pickup.securitycraft.reinforced_cobblestone":37,"stat.pickup.quark.marble":53,"stat.pickup.harvestcraft.scallionitem":1,"stat.killEntity.techguns.ZombieFarmer":2,"stat.pickup.quark.tallow":31,"stat.mineBlock.fossil.vase_kylix":1,"stat.craftItem.spartanshields.shield_basic_wood":1,"stat.useItem.securitycraft.reinforced_cobblestone":40,"stat.useItem.minecraft.iron_pickaxe":759,"stat.useItem.minecraft.spawn_egg":3,"stat.useItem.minecraft.iron_shovel":553,"stat.pickup.minecraft.double_plant":1,"stat.craftItem.minecraft.bed":1,"stat.pickup.techguns.basicore":21,"stat.furnaceInteraction":149,"stat.killEntity.ZombieVillager":1,"stat.mineBlock.futuremc.cornflower":1,"stat.pickup.srparasites.lurecomponent1":4,"stat.craftItem.hammerx.item.hammer":1,"stat.pickup.minecraft.beef":8,"stat.pickup.minecraft.furnace":2,"stat.entityKilledBy.mutantbeasts.mutant_skeleton":1,"stat.deaths":8,"stat.playOneMinute":334216,"stat.drop.securitycraft.universal_block_reinforcer_lvl2":1,"stat.craftItem.minecraft.iron_pickaxe":3,"stat.pickup.minecraft.diamond_block":3,"stat.useItem.overlast.dumpling":35,"stat.pickup.fossil.vase_amphora":1,"stat.mineBlock.minecraft.tallgrass":50,"stat.chestOpened":41,"stat.pickup.minecraft.arrow":6,"stat.fallOneCm":39785,"stat.pickup.minecraft.carrot":1,"stat.crouchOneCm":1563,"stat.craftItem.minecraft.chest":2,"stat.craftItem.minecraft.iron_ingot":105,"stat.pickup.minecraft.red_mushroom":3,"stat.craftingTableInteraction":46,"stat.drop.quark.tallow":4,"stat.mineBlock.minecraft.log2":66,"stat.pickup.minecraft.wooden_pickaxe":1,"stat.pickup.minecraft.feather":21,"stat.mineBlock.fossil.figurine":4,"stat.killEntity.techguns.ZombieMiner":7,"stat.useItem.minecraft.furnace":2,"stat.pickup.minecraft.planks":3,"stat.pickup.minecraft.wheat_seeds":29,"stat.pickup.techguns.t1_miner_chestplate":2,"stat.mineBlock.futuremc.smooth_stone":15,"stat.useItem.minecraft.stone_pickaxe":166,"stat.pickup.waystones.waystone":1,"stat.craftItem.minecraft.iron_leggings":1,"stat.pickup.fossil.vase_kylix":1,"stat.mineBlock.minecraft.dirt":522,"stat.useItem.minecraft.torch":47,"stat.pickup.minecraft.crafting_table":1,"stat.mineBlock.techguns.basicore":21,"stat.useItem.minecraft.cobblestone":122,"stat.craftItem.minecraft.crafting_table":5,"stat.mineBlock.minecraft.double_plant":2,"stat.pickup.minecraft.log":35,"stat.pickup.futuremc.smooth_stone":16,"stat.craftItem.usefulbackpacks.backpack":1,"stat.pickup.minecraft.chicken":17,"stat.pickup.minecraft.sapling":28,"stat.pickup.minecraft.apple":1,"stat.killEntity.slime":2,"stat.pickup.minecraft.beetroot":1,"stat.craftItem.minecraft.planks":312,"stat.pickup.futuremc.cornflower":1,"stat.useItem.minecraft.stonebrick":3,"stat.pickup.minecraft.book":66,"stat.mineBlock.minecraft.log":37,"stat.useItem.carryon.entity_item":33,"stat.pickup.quark.variant_sapling":3,"stat.sneakTime":4979,"stat.pickup.minecraft.wool":33,"stat.drop.firstaid.bandage":19,"stat.useItem.minecraft.wooden_axe":10,"stat.mineBlock.minecraft.jukebox":1,"stat.drop.minecraft.stone_pickaxe":1,"stat.pickup.minecraft.bone":21,"stat.mineBlock.fossil.skull_lantern":2,"stat.pickup.fossil.biofossil":6,"stat.useItem.minecraft.iron_axe":113,"stat.mineBlock.minecraft.cobblestone":26,"stat.mineBlock.srparasites.gore":22,"stat.pickup.fossil.figurine":4,"stat.mineBlock.minecraft.stained_glass_pane":3,"stat.craftItem.minecraft.iron_trapdoor":1,"stat.swimOneCm":13962,"stat.climbOneCm":29327,"stat.killEntity.techguns.ZombieSoldier":3,"stat.mineBlock.fossil.vase_amphora":1,"stat.useItem.minecraft.dirt":119,"stat.useItem.minecraft.stone_slab2":111,"stat.craftItem.minecraft.furnace":5,"stat.pickup.fossil.vase_volute":1,"stat.craftItem.spartanshields.shield_basic_iron":1,"stat.pickup.fossil.worktable":1,"stat.craftItem.futuremc.smooth_stone":234,"stat.craftItem.minecraft.stone_pickaxe":2,"stat.pickup.minecraft.cobblestone":738,"stat.flyOneCm":1790817,"stat.pickup.minecraft.fish":1,"stat.pickup.minecraft.redstone":10,"stat.mineBlock.minecraft.iron_ore":63,"stat.timeSinceDeath":61789,"stat.pickup.fossil.plant_fossil":7,"stat.pickup.minecraft.mutton":26,"stat.craftItem.minecraft.iron_block":3,"stat.pickup.harvestcraft.whitemushroomitem":1,"stat.useItem.futuremc.smooth_stone":180,"stat.pickup.minecraft.stonebrick":10,"stat.pickup.minecraft.carpet":5,"stat.mineBlock.minecraft.coal_ore":118,"stat.killEntity.Creeper":2,"stat.talkedToVillager":10,"stat.pickup.minecraft.string":2,"stat.mineBlock.minecraft.ladder":1,"stat.drop.minecraft.log2":3,"stat.drop.usefulbackpacks.backpack":2,"stat.pickup.tombstone.crafting_ingredient":3,"stat.craftItem.minecraft.stone_slab2":0,"stat.sprintOneCm":745676,"stat.craftItem.minecraft.stick":60,"stat.craftItem.minecraft.wooden_axe":2,"stat.useItem.minecraft.stone_slab":55,"stat.craftItem.minecraft.stone":269,"stat.pickup.techguns.t1_miner_leggings":1,"stat.useItem.securitycraft.keypad_item":7,"stat.mineBlock.minecraft.crafting_table":1,"stat.pickup.fossil.relic_scrap":11,"stat.pickup.minecraft.leather_leggings":1,"stat.pickup.overlast.dumpling":20,"stat.mineBlock.quark.marble":53,"stat.drop":72,"stat.pickup.minecraft.jukebox":2,"stat.killEntity.Sheep":17,"stat.useItem.minecraft.ladder":9,"stat.pickup.minecraft.slime_ball":6,"stat.pickup.minecraft.iron_block":3,"stat.killEntity.Zombie":1,"stat.diveOneCm":35447,"stat.craftItem.minecraft.ladder":12,"stat.pickup.minecraft.sign":3,"stat.mineBlock.fossil.vase_volute":1,"stat.pickup.techguns.t1_combat_chestplate":1,"stat.jump":3094,"stat.pickup.minecraft.coal":132,"stat.pickup.minecraft.iron_ingot":2,"stat.mineBlock.fossil.fossil":45,"stat.craftItem.minecraft.lever":1,"stat.useItem.minecraft.stone_axe":100,"stat.pickup.minecraft.gunpowder":4,"stat.craftItem.minecraft.torch":36,"stat.pickup.minecraft.dirt":519,"stat.craftItem.minecraft.iron_helmet":1,"stat.pickup.minecraft.iron_ore":117,"stat.pickup.minecraft.stone_shovel":1,"stat.mineBlock.fossil.sifter":1,"stat.entityKilledBy.techguns.SkeletonSoldier":1,"stat.drop.overlast.dumpling":38,"stat.damageTaken":2591,"stat.pickup.minecraft.leather":5,"stat.mineBlock.minecraft.torch":4,"stat.mineBlock.minecraft.furnace":2,"stat.useItem.minecraft.wooden_pickaxe":8,"stat.dispenserInspected":1,"stat.pickup.srparasites.assimilated_flesh":1,"stat.pickup.minecraft.log2":71,"stat.pickup.minecraft.bed":8,"tombstone:undead_killed":14,"stat.pickup.fossil.sifter":1,"stat.pickup.minecraft.potato":2,"stat.damageDealt":9848,"stat.sleepInBed":7,"stat.drop.hammerx.item.hammer":2,"stat.killEntity.Cow":3,"stat.killEntity.Pig":13,"stat.craftItem.minecraft.stone_slab":60,"stat.pickup.techguns.itemshared":8,"stat.walkOneCm":667814,"stat.pickup.minecraft.stick":14,"stat.pickup.techguns.t1_miner_boots":1,"stat.pickup.minecraft.stone":1,"stat.mineBlock.minecraft.wool":12,"stat.drop.minecraft.potato":2,"stat.killEntity.futuremc:salmon":1,"stat.pickup.minecraft.ladder":1,"stat.pickup.fossil.skull_lantern":2,"stat.killEntity.Chicken":17,"stat.useItem.hammerx.item.hammer":17,"stat.mineBlock.waystones.waystone":1,"stat.mobKills":85,"stat.mineBlock.minecraft.bookshelf":22,"stat.pickup.minecraft.quartz":5,"stat.craftItem.minecraft.shears":1,"stat.pickup.fossil.skull_block":4,"stat.mineBlock.fossil.worktable":1,"stat.pickup.minecraft.beetroot_seeds":2,"stat.mineBlock.srparasites.parasitecanister":3,"stat.pickup.minecraft.torch":14,"stat.mineBlock.minecraft.stone":677}