{"stat.chestOpened":15,"stat.flowerPotted":4,"stat.pickup.techguns.itemshared":6,"stat.walkOneCm":177328,"stat.useItem.minecraft.torch":14,"stat.killEntity.bia":2,"stat.useItem.minecraft.chest":15,"stat.pickup.minecraft.wooden_slab":1,"stat.leaveGame":10,"stat.pickup.minecraft.iron_sword":2,"stat.useItem.minecraft.diamond_axe":4,"stat.furnaceInteraction":3,"stat.pickup.srparasites.lurecomponent1":3,"stat.useItem.minecraft.diamond_sword":10,"stat.pickup.minecraft.string":8,"stat.jump":312,"stat.swimOneCm":14365,"stat.pickup.minecraft.iron_ingot":4,"stat.fallOneCm":335,"stat.pickup.tombstone.crafting_ingredient":1,"stat.craftItem.minecraft.stone_slab2":0,"stat.pickup.minecraft.porkchop":4,"stat.pickup.minecraft.gunpowder":2,"stat.crouchOneCm":1375,"stat.pickup.futuremc.spruce_trapdoor":1,"stat.pickup.minecraft.chicken":1,"stat.mineBlock.minecraft.chest":1,"stat.craftItem.minecraft.chest":16,"stat.sprintOneCm":147671,"stat.useItem.minecraft.stone_slab2":215,"stat.pickup.minecraft.bow":2,"stat.craftingTableInteraction":7,"stat.pickup.minecraft.rotten_flesh":5,"stat.killEntity.Skeleton":1,"stat.craftItem.minecraft.furnace":1,"stat.craftItem.minecraft.planks":128,"stat.killEntity.Chicken":1,"stat.killEntity.jenny":1,"stat.damageTaken":191,"stat.pickup.minecraft.leather":3,"stat.pickup.minecraft.feather":1,"stat.craftItem.futuremc.smooth_stone":12,"stat.mineBlock.minecraft.torch":2,"stat.killEntity.techguns.ZombieMiner":2,"stat.mobKills":20,"stat.mineBlock.minecraft.wooden_slab":1,"stat.pickup.srparasites.assimilated_flesh":2,"stat.useItem.carryon.entity_item":20,"stat.flyOneCm":193036,"stat.craftItem.futuremc.blast_furnace":1,"tombstone:undead_killed":5,"stat.playOneMinute":86149,"stat.pickup.minecraft.torch":2,"stat.sneakTime":1655,"stat.pickup.minecraft.wool":3,"stat.killEntity.techguns.ZombieFarmer":2,"stat.useItem.overlast.dumpling":3,"stat.damageDealt":580,"stat.useItem.charm.barrel":5,"stat.sleepInBed":4,"stat.timeSinceDeath":86149,"stat.useItem.minecraft.spawn_egg":4,"stat.diveOneCm":764738,"stat.pickup.minecraft.chest":1}