{"stat.useItem.minecraft.bow":15,"stat.pickup.minecraft.wooden_slab":3,"stat.pickup.iceandfire.fire_dragon_flesh":8,"stat.leaveGame":28,"stat.killEntity.Blaze":2,"stat.killEntity.PigZombie":2,"stat.pickup.srparasites.parasitecanister":1,"stat.drop.minecraft.enchanted_book":1,"stat.pickup.fossil.bone_skull":1,"stat.mineBlock.charm.barrel":4,"stat.killEntity.ellie":1,"stat.pickup.minecraft.glowstone_dust":34,"stat.pickup.firstaid.bandage":16,"stat.pickup.minecraft.porkchop":13,"stat.pickup.futuremc.spruce_trapdoor":1,"stat.useItem.minecraft.water_bucket":5,"stat.pickup.minecraft.rotten_flesh":32,"stat.pickup.minecraft.sand":2,"stat.pickup.torchmaster.feral_flare_lantern":1,"stat.killEntity.Donkey":4,"stat.pickup.iceandfire.witherbone":1,"stat.pickup.iceandfire.chared_cobblestone":13,"stat.mineBlock.minecraft.wooden_slab":3,"stat.pickup.minecraft.leather_boots":2,"stat.entityKilledBy.firedragon":2,"stat.pickup.minecraft.chainmail_chestplate":4,"stat.pickup.iceandfire.ash":1,"stat.killEntity.Witch":1,"stat.drop.thermaldynamics.duct_0":2,"stat.killEntity.techguns.ZombieFarmer":4,"stat.mineBlock.fossil.vase_kylix":1,"stat.hopperInspected":2,"stat.useItem.minecraft.spawn_egg":7,"stat.pickup.minecraft.stained_hardened_clay":11,"stat.pickup.thermalexpansion.cell":1,"stat.mineBlock.quark.elder_sea_lantern":2,"stat.useItem.iceandfire.dragonbone_sword_ice":3,"stat.trappedChestTriggered":7,"stat.pickup.techguns.basicore":18,"stat.furnaceInteraction":23,"stat.pickup.iceandfire.dragon_skull":1,"stat.killEntity.ZombieVillager":2,"stat.pickup.srparasites.lurecomponent2":1,"stat.pickup.srparasites.lurecomponent1":10,"stat.pickup.minecraft.beef":4,"stat.pickup.spartanshields.shield_basic_diamond":1,"stat.pickup.minecraft.iron_chestplate":3,"stat.pickup.tombstone.magic_scroll":3,"stat.killEntity.Husk":3,"stat.deaths":3,"stat.craftItem.futuremc.blast_furnace":5,"stat.playOneMinute":556873,"stat.pickup.minecraft.blaze_rod":1,"stat.useItem.nocubessrparmory.thereapertrue":3,"stat.useItem.overlast.dumpling":25,"stat.pickup.minecraft.iron_bars":4,"stat.drop.minecraft.iron_ingot":6,"stat.pickup.fossil.vase_amphora":1,"stat.mineBlock.minecraft.tallgrass":2,"stat.chestOpened":111,"stat.useItem.minecraft.splash_potion":287,"stat.useItem.minecraft.stone":2,"stat.pickup.minecraft.iron_sword":8,"stat.pickup.minecraft.arrow":9,"stat.pickup.minecraft.gold_nugget":2,"stat.fallOneCm":16213,"stat.crouchOneCm":3441,"stat.mineBlock.minecraft.chest":1,"stat.craftItem.minecraft.chest":31,"stat.craftItem.minecraft.iron_ingot":65,"stat.pickup.charm.barrel":4,"stat.craftingTableInteraction":38,"stat.killEntity.jenny":1,"stat.pickup.minecraft.feather":1,"stat.mineBlock.fossil.figurine":4,"stat.mineBlock.quark.elder_prismarine":5,"stat.killEntity.techguns.ZombieMiner":5,"stat.useItem.minecraft.furnace":4,"stat.pickup.minecraft.dye":3,"stat.pickup.minecraft.planks":14,"stat.pickup.minecraft.wheat_seeds":36,"stat.pickup.techguns.t1_miner_chestplate":1,"stat.mineBlock.futuremc.smooth_stone":4,"stat.useItem.charm.barrel":12,"stat.useItem.minecraft.wool":2,"stat.pickup.fossil.vase_kylix":1,"stat.flowerPotted":4,"stat.useItem.minecraft.torch":83,"stat.pickup.minecraft.iron_nugget":14,"stat.useItem.minecraft.cobblestone":57,"stat.mineBlock.techguns.basicore":18,"stat.craftItem.minecraft.crafting_table":2,"stat.drop.srparasites.parasitecanister":1,"stat.drop.thermalfoundation.glass":1,"stat.pickup.minecraft.log":64,"stat.pickup.futuremc.smooth_stone":4,"stat.pickup.minecraft.iron_pickaxe":1,"stat.pickup.minecraft.chicken":1,"stat.pickup.minecraft.sapling":33,"stat.pickup.minecraft.apple":5,"stat.craftItem.charm.barrel":6,"stat.craftItem.minecraft.bucket":1,"stat.craftItem.minecraft.planks":388,"stat.pickup.quark.root":2,"stat.killEntity.WitherSkeleton":3,"stat.pickup.minecraft.stone_sword":1,"stat.pickup.minecraft.book":284,"stat.mineBlock.minecraft.log":63,"stat.pickup.minecraft.golden_sword":1,"stat.useItem.carryon.entity_item":41,"stat.pickup.iceandfire.dragonbone":29,"stat.sneakTime":8205,"stat.pickup.minecraft.wool":9,"stat.drop.firstaid.bandage":17,"stat.pickup.minecraft.chest":1,"stat.cakeSlicesEaten":2,"stat.pickup.minecraft.bone":31,"stat.pickup.fossil.biofossil":11,"stat.mineBlock.minecraft.cobblestone":7,"stat.killEntity.bee":1,"stat.mineBlock.srparasites.gore":12,"stat.pickup.fossil.figurine":4,"stat.useItem.minecraft.diamond_sword":12,"stat.mineBlock.charm.crate_sealed":5,"stat.swimOneCm":90624,"stat.climbOneCm":1622,"stat.pickup.minecraft.enchanted_book":1,"stat.drop.minecraft.cobblestone":1,"stat.mineBlock.quark.roots":1,"stat.mineBlock.fossil.vase_amphora":1,"stat.useItem.minecraft.stone_slab2":1201,"stat.pickup.minecraft.bow":9,"stat.killEntity.goblin":1,"stat.pickup.minecraft.iron_boots":3,"stat.craftItem.minecraft.furnace":10,"stat.pickup.fossil.vase_volute":1,"stat.pickup.fossil.worktable":1,"stat.craftItem.futuremc.smooth_stone":33,"stat.drop.minecraft.ender_pearl":1,"stat.mineBlock.minecraft.obsidian":9,"stat.pickup.minecraft.cobblestone":96,"stat.pickup.quark.black_ash":1,"stat.flyOneCm":1151550,"stat.pickup.minecraft.fish":3,"stat.craftItem.minecraft.wooden_slab":12,"stat.mineBlock.minecraft.iron_ore":66,"stat.timeSinceDeath":346386,"stat.pickup.fossil.plant_fossil":8,"stat.drop.minecraft.spider_eye":1,"stat.killEntity.Bat":2,"stat.useItem.quark.root":1,"stat.useItem.futuremc.smooth_stone":9,"stat.pickup.thermaldynamics.duct_0":3,"stat.mineBlock.minecraft.coal_ore":227,"stat.killEntity.Creeper":1,"stat.pickup.minecraft.shield":1,"stat.talkedToVillager":1,"stat.pickup.minecraft.string":12,"stat.pickup.tombstone.crafting_ingredient":12,"stat.pickup.thermalexpansion.frame":1,"stat.craftItem.minecraft.stone_slab2":0,"stat.sprintOneCm":676455,"stat.craftItem.minecraft.stick":16,"stat.pickup.quark.elder_prismarine":4,"stat.useItem.carryon.tile_item":3,"stat.craftItem.minecraft.stone":85,"stat.mineBlock.minecraft.diamond_ore":1,"stat.pickup.techguns.t1_miner_leggings":1,"stat.pickup.fossil.relic_scrap":5,"stat.useItem.minecraft.diamond_pickaxe":450,"stat.waystones:waystonesActivated":1,"stat.useItem.minecraft.wheat":8,"stat.mineBlock.minecraft.planks":2,"stat.drop":36,"stat.craftItem.minecraft.diamond_pickaxe":1,"stat.killEntity.Zombie":27,"stat.craftItem.minecraft.diamond_axe":1,"stat.diveOneCm":900135,"stat.pickup.iceandfire.dragonscales_bronze":78,"stat.pickup.iceandfire.dragonegg_bronze":1,"stat.pickup.minecraft.gravel":1,"stat.useItem.minecraft.diamond_axe":240,"stat.pickup.minecraft.stone_axe":1,"stat.mineBlock.fossil.vase_volute":1,"stat.killEntity.luna":1,"stat.pickup.minecraft.obsidian":4,"stat.jump":1967,"stat.pickup.minecraft.coal":243,"stat.pickup.minecraft.iron_helmet":1,"stat.pickup.minecraft.iron_ingot":4,"stat.mineBlock.fossil.fossil":44,"stat.pickup.minecraft.gunpowder":4,"stat.pickup.iceandfire.chared_stone":10,"stat.pickup.minecraft.spider_eye":2,"stat.craftItem.minecraft.torch":48,"stat.pickup.minecraft.dirt":1,"stat.pickup.minecraft.iron_ore":65,"stat.pickup.iceandfire.fire_dragon_heart":1,"stat.mineBlock.minecraft.iron_bars":2,"stat.pickup.minecraft.leather":8,"stat.damageTaken":1619,"stat.mineBlock.minecraft.torch":3,"stat.pickup.srparasites.assimilated_flesh":6,"stat.pickup.minecraft.prismarine_crystals":5,"stat.pickup.minecraft.reeds":13,"tombstone:undead_killed":63,"stat.drop.thermalexpansion.cell":1,"stat.drop.thermalexpansion.frame":1,"stat.pickup.minecraft.diamond_axe":1,"stat.damageDealt":12795,"stat.sleepInBed":12,"stat.drop.techguns.itemshared":3,"stat.pickup.techguns.itemshared":14,"stat.walkOneCm":749769,"stat.useItem.futuremc.blast_furnace":1,"stat.useItem.minecraft.chest":27,"stat.killEntity.bia":4,"stat.pickup.minecraft.stick":3,"stat.pickup.techguns.t1_miner_boots":1,"stat.pickup.nocubessrparmory.overlordcore":4,"stat.useItem.fossil.figurine":1,"stat.useItem.tombstone.gift":1,"stat.pickup.minecraft.stone":1,"stat.pickup.minecraft.ender_pearl":3,"stat.pickup.minecraft.gold_ingot":4,"stat.killEntity.Skeleton":17,"stat.craftItem.techguns.itemshared":2,"stat.killEntity.Chicken":1,"stat.killEntity.Spider":2,"stat.mobKills":132,"stat.mineBlock.minecraft.bookshelf":95,"stat.pickup.fossil.skull_block":4,"stat.pickup.mowziesmobs.barakoa_mask_bliss":2,"stat.mineBlock.fossil.worktable":1,"stat.pickup.minecraft.diamond":4,"stat.pickup.minecraft.torch":16,"stat.mineBlock.srparasites.parasitecanister":1,"stat.killEntity.firedragon":1,"stat.mineBlock.minecraft.stone":59}