{"stat.cakeSlicesEaten":2,"stat.useItem.minecraft.bow":15,"stat.pickup.minecraft.bone":16,"stat.pickup.minecraft.wooden_slab":3,"stat.pickup.iceandfire.fire_dragon_flesh":8,"stat.pickup.fossil.biofossil":11,"stat.leaveGame":14,"stat.mineBlock.minecraft.cobblestone":7,"stat.mineBlock.srparasites.gore":10,"stat.killEntity.Blaze":2,"stat.pickup.fossil.figurine":4,"stat.useItem.minecraft.diamond_sword":10,"stat.mineBlock.charm.crate_sealed":5,"stat.pickup.srparasites.parasitecanister":1,"stat.swimOneCm":50164,"stat.climbOneCm":1306,"stat.drop.minecraft.cobblestone":1,"stat.pickup.minecraft.glowstone_dust":34,"stat.pickup.minecraft.porkchop":5,"stat.mineBlock.quark.roots":1,"stat.mineBlock.fossil.vase_amphora":1,"stat.pickup.futuremc.spruce_trapdoor":1,"stat.useItem.minecraft.stone_slab2":836,"stat.pickup.minecraft.bow":3,"stat.useItem.minecraft.water_bucket":3,"stat.pickup.minecraft.rotten_flesh":8,"stat.pickup.minecraft.sand":1,"stat.craftItem.minecraft.furnace":1,"stat.pickup.fossil.vase_volute":1,"stat.killEntity.Donkey":4,"stat.pickup.fossil.worktable":1,"stat.craftItem.futuremc.smooth_stone":12,"stat.mineBlock.minecraft.obsidian":9,"stat.pickup.minecraft.cobblestone":56,"stat.mineBlock.minecraft.wooden_slab":3,"stat.flyOneCm":673638,"stat.entityKilledBy.firedragon":2,"stat.pickup.iceandfire.ash":1,"stat.killEntity.techguns.ZombieFarmer":4,"stat.mineBlock.minecraft.iron_ore":66,"stat.mineBlock.fossil.vase_kylix":1,"stat.timeSinceDeath":18016,"stat.hopperInspected":2,"stat.useItem.minecraft.spawn_egg":4,"stat.pickup.fossil.plant_fossil":8,"stat.mineBlock.quark.elder_sea_lantern":2,"stat.killEntity.Bat":2,"stat.useItem.quark.root":1,"stat.trappedChestTriggered":7,"stat.pickup.techguns.basicore":18,"stat.furnaceInteraction":13,"stat.pickup.iceandfire.dragon_skull":1,"stat.pickup.srparasites.lurecomponent2":1,"stat.mineBlock.minecraft.coal_ore":227,"stat.pickup.srparasites.lurecomponent1":10,"stat.killEntity.Creeper":1,"stat.talkedToVillager":1,"stat.pickup.minecraft.string":8,"stat.pickup.tombstone.crafting_ingredient":1,"stat.craftItem.minecraft.stone_slab2":0,"stat.sprintOneCm":343457,"stat.craftItem.minecraft.stick":16,"stat.pickup.quark.elder_prismarine":4,"stat.pickup.techguns.t1_miner_leggings":1,"stat.pickup.fossil.relic_scrap":5,"stat.useItem.minecraft.diamond_pickaxe":437,"stat.mineBlock.minecraft.planks":2,"stat.deaths":3,"stat.craftItem.futuremc.blast_furnace":1,"stat.drop":2,"stat.playOneMinute":228503,"stat.pickup.minecraft.blaze_rod":1,"stat.useItem.nocubessrparmory.thereapertrue":3,"stat.useItem.overlast.dumpling":16,"stat.craftItem.minecraft.diamond_pickaxe":1,"stat.killEntity.Zombie":1,"stat.pickup.minecraft.iron_bars":2,"stat.craftItem.minecraft.diamond_axe":1,"stat.pickup.fossil.vase_amphora":1,"stat.diveOneCm":823231,"stat.chestOpened":39,"stat.pickup.iceandfire.dragonscales_bronze":78,"stat.pickup.iceandfire.dragonegg_bronze":1,"stat.useItem.minecraft.stone":2,"stat.pickup.minecraft.gravel":1,"stat.pickup.minecraft.iron_sword":3,"stat.pickup.minecraft.arrow":1,"stat.useItem.minecraft.diamond_axe":179,"stat.mineBlock.fossil.vase_volute":1,"stat.pickup.minecraft.obsidian":4,"stat.jump":1045,"stat.pickup.minecraft.coal":243,"stat.pickup.minecraft.iron_ingot":4,"stat.fallOneCm":12024,"stat.mineBlock.fossil.fossil":44,"stat.pickup.minecraft.gunpowder":4,"stat.crouchOneCm":2343,"stat.mineBlock.minecraft.chest":1,"stat.craftItem.minecraft.chest":16,"stat.craftItem.minecraft.torch":48,"stat.craftItem.minecraft.iron_ingot":64,"stat.pickup.minecraft.dirt":1,"stat.craftingTableInteraction":12,"stat.pickup.minecraft.iron_ore":65,"stat.pickup.iceandfire.fire_dragon_heart":1,"stat.mineBlock.minecraft.iron_bars":2,"stat.killEntity.jenny":1,"stat.pickup.minecraft.feather":1,"stat.pickup.minecraft.leather":8,"stat.damageTaken":1330,"stat.mineBlock.fossil.figurine":4,"stat.mineBlock.quark.elder_prismarine":5,"stat.mineBlock.minecraft.torch":3,"stat.killEntity.techguns.ZombieMiner":4,"stat.pickup.srparasites.assimilated_flesh":5,"stat.pickup.minecraft.dye":3,"stat.pickup.minecraft.planks":2,"stat.pickup.minecraft.prismarine_crystals":5,"stat.pickup.minecraft.reeds":13,"tombstone:undead_killed":12,"stat.pickup.techguns.t1_miner_chestplate":1,"stat.damageDealt":8502,"stat.useItem.charm.barrel":5,"stat.sleepInBed":7,"stat.pickup.fossil.vase_kylix":1,"stat.flowerPotted":4,"stat.pickup.techguns.itemshared":11,"stat.walkOneCm":356000,"stat.useItem.minecraft.torch":72,"stat.useItem.minecraft.chest":15,"stat.killEntity.bia":2,"stat.pickup.minecraft.iron_nugget":14,"stat.useItem.minecraft.cobblestone":57,"stat.mineBlock.techguns.basicore":18,"stat.craftItem.minecraft.crafting_table":1,"stat.drop.srparasites.parasitecanister":1,"stat.pickup.nocubessrparmory.overlordcore":4,"stat.pickup.minecraft.stone":1,"stat.pickup.minecraft.chicken":1,"stat.pickup.minecraft.ender_pearl":3,"stat.pickup.minecraft.apple":1,"stat.pickup.minecraft.gold_ingot":2,"stat.killEntity.Skeleton":3,"stat.craftItem.techguns.itemshared":2,"stat.craftItem.minecraft.bucket":1,"stat.craftItem.minecraft.planks":136,"stat.killEntity.Chicken":1,"stat.pickup.quark.root":2,"stat.killEntity.Spider":1,"stat.mobKills":60,"stat.pickup.minecraft.book":284,"stat.mineBlock.minecraft.bookshelf":95,"stat.pickup.fossil.skull_block":4,"stat.useItem.carryon.entity_item":27,"stat.pickup.iceandfire.dragonbone":29,"stat.mineBlock.fossil.worktable":1,"stat.pickup.minecraft.diamond":4,"stat.pickup.minecraft.torch":13,"stat.mineBlock.srparasites.parasitecanister":1,"stat.sneakTime":5086,"stat.pickup.minecraft.wool":3,"stat.killEntity.firedragon":1,"stat.mineBlock.minecraft.stone":51,"stat.pickup.minecraft.chest":1}