{"stat.leaveGame":4,"stat.useItem.harvestcraft.amaranthitem":14,"stat.mineBlock.quark.sandstone_new":11,"stat.pickup.tombstone.familiar_stone":1,"stat.mineBlock.minecraft.sandstone":58,"stat.useItem.tombstone.familiar_stone":1,"stat.pickup.firstaid.bandage":16,"stat.mineBlock.minecraft.acacia_fence_gate":3,"stat.pickup.minecraft.porkchop":12,"stat.useItem.minecraft.water_bucket":8,"stat.craftItem.securitycraft.reinforced_stairs_stone":8,"stat.pickup.minecraft.sand":572,"stat.pickup.minecraft.hardened_clay":32,"stat.pickup.torchmaster.feral_flare_lantern":14,"stat.pickup.hammerx.item.hammer":1,"stat.pickup.iceandfire.witherbone":1,"stat.pickup.harvestcraft.wintersquashitem":1,"stat.killEntity.if_cockatrice":1,"stat.entityKilledBy.techguns.ZombieSoldier":1,"stat.mineBlock.minecraft.sand":582,"stat.pickup.securitycraft.reinforced_cobblestone":9,"stat.killEntity.techguns.ZombieFarmer":7,"stat.pickup.quark.tallow":7,"stat.useItem.securitycraft.reinforced_cobblestone":4,"stat.pickup.minecraft.stained_hardened_clay":13,"stat.craftItem.minecraft.hardened_clay":200,"stat.pickup.harvestcraft.onionitem":15,"stat.pickup.techguns.basicore":13,"stat.pickup.fossil.bone_unique_item":1,"stat.furnaceInteraction":84,"stat.pickup.harvestcraft.cornitem":8,"stat.pickup.srparasites.lurecomponent2":1,"stat.pickup.srparasites.lurecomponent1":3,"stat.pickup.minecraft.beef":10,"stat.mineBlock.torchmaster.feral_flare_lantern":4,"stat.pickup.spartanshields.shield_basic_diamond":1,"stat.mineBlock.harvestcraft.windygarden":13,"stat.pickup.nocubessrparmory.pestilentarmorlegs":1,"stat.mineBlock.minecraft.stained_hardened_clay":13,"stat.craftItem.futuremc.dye":2,"stat.useItem.minecraft.fence":20,"stat.useItem.minecraft.stone_stairs":29,"stat.mineBlock.minecraft.fence":27,"stat.useItem.minecraft.wheat_seeds":46,"stat.useItem.minecraft.dye":8,"stat.pickup.securitycraft.universal_block_reinforcer_lvl2":1,"stat.pickup.harvestcraft.pomegranateitem":4,"stat.deaths":8,"stat.craftItem.futuremc.blast_furnace":2,"stat.pickup.minecraft.egg":1,"stat.playOneMinute":319433,"stat.pickup.techguns.t1_miner_helmet":1,"stat.mineBlock.minecraft.tallgrass":185,"stat.chestOpened":138,"stat.drop.quark.custom_chest":6,"stat.craftItem.futuremc.smoker":1,"stat.useItem.securitycraft.reinforced_sandstone":6,"stat.useItem.minecraft.stone":24,"stat.useItem.minecraft.acacia_fence_gate":1,"stat.mineBlock.minecraft.ice":6,"stat.pickup.minecraft.acacia_fence_gate":3,"stat.pickup.harvestcraft.chilipepperitem":3,"stat.craftItem.minecraft.iron_hoe":1,"stat.fallOneCm":34045,"stat.pickup.minecraft.carrot":15,"stat.useItem.securitycraft.reinforced_stairs_cobblestone":5,"stat.crouchOneCm":63536,"stat.mineBlock.minecraft.chest":3,"stat.craftItem.minecraft.iron_ingot":87,"stat.craftItem.minecraft.chest":89,"stat.useItem.harvestcraft.bellpepperitem":6,"stat.pickup.cgm.assault_rifle":1,"stat.useItem.minecraft.iron_hoe":134,"stat.craftingTableInteraction":70,"stat.mineBlock.minecraft.log2":62,"stat.pickup.minecraft.feather":1,"stat.killEntity.techguns.ZombieMiner":9,"stat.useItem.minecraft.furnace":11,"stat.pickup.minecraft.dye":25,"stat.pickup.minecraft.planks":128,"stat.pickup.minecraft.wheat_seeds":77,"stat.pickup.harvestcraft.oliveitem":2,"stat.mineBlock.minecraft.gravel":8,"stat.useItem.securitycraft.reinforced_stairs_stone":7,"stat.drop.quark.sandstone_new":40,"stat.mineBlock.minecraft.dirt":223,"stat.useItem.minecraft.torch":38,"stat.craftItem.minecraft.stone_stairs":32,"stat.useItem.minecraft.log":71,"stat.pickup.minecraft.crafting_table":2,"stat.useItem.minecraft.cobblestone":509,"stat.mineBlock.techguns.basicore":8,"stat.craftItem.minecraft.crafting_table":8,"stat.mineBlock.minecraft.double_plant":4,"stat.craftItem.futuremc.barrel":25,"stat.useItem.torchmaster.feral_flare_lantern":4,"stat.pickup.minecraft.log":455,"stat.pickup.securitycraft.reinforced_stone":410,"stat.pickup.minecraft.iron_pickaxe":2,"stat.craftItem.nocubessrparmory.rawcarbonsteel":3,"stat.pickup.usefulbackpacks.backpack":1,"stat.craftItem.usefulbackpacks.backpack":1,"stat.pickup.minecraft.chicken":2,"stat.pickup.nocubessrparmory.pestilentarmorboots":1,"stat.pickup.minecraft.sapling":342,"stat.pickup.minecraft.apple":19,"stat.pickup.harvestcraft.parsnipitem":16,"stat.craftItem.minecraft.bucket":1,"stat.craftItem.minecraft.planks":1284,"stat.pickup.securitycraft.reinforced_stairs_spruce":3,"stat.useItem.securitycraft.universal_block_remover":472,"stat.useItem.quark.sandstone_new":11,"stat.mineBlock.minecraft.log":362,"stat.craftItem.minecraft.cooked_chicken":2,"stat.useItem.carryon.entity_item":8,"stat.useItem.harvestcraft.elderberryitem":1,"stat.sneakTime":11661,"stat.pickup.minecraft.wool":16,"stat.pickup.minecraft.yellow_flower":1,"stat.pickup.minecraft.chest":3,"stat.pickup.securitycraft.reinforced_sand":19,"stat.pickup.minecraft.bone":19,"stat.pickup.fossil.biofossil":7,"stat.mineBlock.minecraft.cobblestone":88,"stat.pickup.minecraft.flint":2,"stat.mineBlock.srparasites.gore":9,"stat.craftItem.minecraft.acacia_fence_gate":3,"stat.useItem.minecraft.diamond_sword":184,"stat.swimOneCm":38850,"stat.mineBlock.minecraft.spruce_stairs":5,"stat.killEntity.techguns.ZombieSoldier":2,"stat.useItem.harvestcraft.strawberryitem":5,"stat.pickup.nocubessrparmory.pestilentarmorbody":1,"stat.useItem.minecraft.dirt":169,"stat.useItem.minecraft.stone_slab2":122,"stat.useItem.harvestcraft.barleyitem":5,"stat.craftItem.minecraft.furnace":19,"stat.pickup.securitycraft.reinforced_stairs_cobblestone":6,"stat.useItem.minecraft.egg":1,"stat.useItem.minecraft.iron_ore":1,"stat.pickup.quark.sandstone_new":11,"stat.craftItem.futuremc.smooth_stone":9,"stat.pickup.minecraft.cobblestone":3056,"stat.drop.minecraft.fence":1,"stat.mineBlock.minecraft.clay":239,"stat.flyOneCm":575509,"stat.pickup.minecraft.sandstone":58,"stat.mineBlock.quark.custom_chest":6,"stat.pickup.minecraft.fish":2,"stat.drop.minecraft.wheat_seeds":14,"stat.craftItem.minecraft.wooden_slab":84,"stat.pickup.minecraft.redstone":4,"stat.mineBlock.minecraft.iron_ore":69,"stat.timeSinceDeath":48000,"stat.craftItem.minecraft.acacia_door":3,"stat.pickup.fossil.plant_fossil":15,"stat.pickup.minecraft.mutton":7,"stat.craftItem.minecraft.iron_block":7,"stat.killEntity.techguns.SkeletonSoldier":1,"stat.useItem.minecraft.potato":13,"stat.useItem.harvestcraft.cornitem":1,"stat.pickup.minecraft.diamond_shovel":1,"stat.craftItem.quark.sandstone_new":80,"stat.mineBlock.minecraft.coal_ore":175,"stat.drop.securitycraft.reinforced_stairs_stone":1,"stat.pickup.techguns.t1_combat_helmet":1,"stat.pickup.tombstone.crafting_ingredient":5,"stat.craftItem.minecraft.stone_slab2":0,"stat.craftItem.nocubessrparmory.infestedtoolrod":1,"stat.useItem.harvestcraft.cucumberitem":1,"stat.sprintOneCm":229344,"stat.useItem.minecraft.diamond_shovel":1027,"stat.craftItem.minecraft.stick":40,"stat.craftItem.minecraft.stained_hardened_clay":192,"stat.craftItem.minecraft.stone":38,"stat.pickup.harvestcraft.barleyitem":20,"stat.craftItem.nocubessrparmory.carbonsteel":3,"stat.mineBlock.minecraft.crafting_table":2,"stat.pickup.fossil.relic_scrap":7,"stat.useItem.minecraft.diamond_pickaxe":524,"stat.useItem.minecraft.carrot":8,"stat.pickup.harvestcraft.mustardseedsitem":9,"stat.drop":7,"stat.pickup.harvestcraft.flaxitem":14,"stat.killEntity.Sheep":6,"stat.killEntity.Zombie":3,"stat.craftItem.minecraft.dye":33,"stat.craftItem.securitycraft.universal_block_remover":1,"stat.craftItem.minecraft.clay":238,"stat.mineBlock.minecraft.gold_ore":8,"stat.diveOneCm":219159,"stat.pickup.minecraft.wheat":57,"stat.craftItem.minecraft.sandstone":153,"stat.pickup.minecraft.gravel":6,"stat.craftItem.minecraft.cooked_porkchop":8,"stat.useItem.minecraft.diamond_axe":168,"stat.pickup.minecraft.diamond_sword":1,"stat.jump":2358,"stat.useItem.minecraft.sand":7,"stat.pickup.minecraft.fence":26,"stat.pickup.minecraft.coal":178,"stat.pickup.minecraft.iron_ingot":36,"stat.mineBlock.fossil.fossil":54,"stat.pickup.minecraft.gunpowder":6,"stat.craftItem.minecraft.torch":88,"stat.pickup.minecraft.dirt":217,"stat.pickup.harvestcraft.bellpepperitem":22,"stat.mineBlock.quark.spruce_trapdoor":1,"stat.useItem.minecraft.cooked_chicken":2,"stat.pickup.minecraft.iron_ore":69,"stat.useItem.minecraft.sapling":62,"stat.pickup.minecraft.gold_ore":8,"stat.mineBlock.minecraft.lapis_ore":4,"stat.pickup.nocubessrparmory.pestilentarmorhelmet":1,"stat.pickup.quark.custom_chest":6,"stat.damageTaken":2380,"stat.pickup.minecraft.leather":10,"stat.useItem.harvestcraft.flaxitem":4,"stat.mineBlock.minecraft.torch":16,"stat.useItem.minecraft.acacia_door":2,"stat.useItem.quark.spruce_trapdoor":43,"stat.pickup.srparasites.assimilated_flesh":7,"stat.useItem.securitycraft.reinforced_stone":343,"stat.pickup.minecraft.log2":58,"stat.useItem.harvestcraft.mustardseedsitem":1,"stat.pickup.minecraft.bed":2,"tombstone:undead_killed":22,"stat.pickup.minecraft.potato":29,"stat.pickup.minecraft.diamond_axe":2,"stat.damageDealt":8469,"stat.craftItem.minecraft.glass":49,"stat.sleepInBed":4,"stat.craftItem.quark.spruce_trapdoor":48,"stat.killEntity.Cow":6,"stat.useItem.futuremc.barrel":20,"stat.useItem.minecraft.crafting_table":2,"stat.killEntity.Pig":4,"stat.entityKilledBy.if_cockatrice":2,"stat.pickup.harvestcraft.elderberryitem":12,"stat.useItem.harvestcraft.onionitem":3,"stat.pickup.techguns.itemshared":5,"stat.walkOneCm":1526717,"stat.useItem.futuremc.blast_furnace":1,"stat.useItem.quark.custom_chest":12,"stat.animalsBred":11,"stat.useItem.minecraft.chest":73,"stat.pickup.minecraft.diamond_pickaxe":1,"stat.craftItem.quark.custom_chest":16,"stat.pickup.techguns.t1_miner_boots":1,"stat.pickup.minecraft.clay_ball":954,"stat.pickup.techguns.thompson":1,"stat.useItem.tombstone.gift":2,"stat.useItem.minecraft.spruce_stairs":48,"stat.pickup.minecraft.baked_potato":128,"stat.pickup.securitycraft.reinforced_sandstone":13,"stat.useItem.minecraft.stained_hardened_clay":189,"stat.pickup.minecraft.gold_ingot":16,"stat.pickup.securitycraft.reinforced_clay":1,"stat.pickup.harvestcraft.amaranthitem":24,"stat.useItem.harvestcraft.parsnipitem":3,"stat.pickup.harvestcraft.cucumberitem":10,"stat.pickup.harvestcraft.strawberryitem":15,"stat.pickup.minecraft.bread":1,"stat.useItem.hammerx.item.hammer":366,"stat.craftItem.nocubessrparmory.pestilentpart":12,"stat.mobKills":80,"stat.craftItem.minecraft.shears":2,"stat.pickup.fossil.broken_sword":3,"stat.pickup.fossil.skull_block":3,"stat.pickup.quark.spruce_trapdoor":1,"stat.pickup.minecraft.diamond":10,"stat.mineBlock.minecraft.leaves":49,"stat.pickup.minecraft.torch":16,"stat.pickup.minecraft.spruce_stairs":5,"stat.craftItem.minecraft.spruce_stairs":64,"stat.mineBlock.minecraft.stone":2976,"stat.useItem.minecraft.sandstone":60}