{"stat.chestOpened":9,"stat.drop.minecraft.waterlily":1,"stat.walkOneCm":77929,"stat.pickup.minecraft.waterlily":9,"stat.craftItem.minecraft.crafting_table":1,"stat.furnaceInteraction":1,"stat.pickup.minecraft.flower_pot":1,"stat.entityKilledBy.fossil.tarslime":1,"stat.pickup.minecraft.log":3,"stat.pickup.fossil.analyzer":1,"stat.jump":280,"stat.swimOneCm":855,"stat.fallOneCm":8691,"stat.climbOneCm":1811,"stat.pickup.minecraft.furnace":1,"stat.pickup.firstaid.bandage":32,"stat.pickup.minecraft.carrot":16,"stat.pickup.usefulbackpacks.backpack":1,"stat.useItem.minecraft.stone_axe":5,"stat.pickup.minecraft.porkchop":9,"stat.drop.minecraft.sapling":2,"stat.crouchOneCm":207,"stat.drop.minecraft.brown_mushroom":1,"stat.pickup.minecraft.sapling":4,"stat.sprintOneCm":38903,"stat.useItem.minecraft.stone_slab2":2,"stat.craftItem.minecraft.stick":4,"stat.craftingTableInteraction":4,"stat.pickup.minecraft.beetroot":11,"stat.mineBlock.fossil.sifter":1,"stat.pickup.minecraft.brick_block":2,"stat.craftItem.minecraft.planks":40,"stat.pickup.fossil.worktable":1,"stat.mineBlock.minecraft.log2":47,"stat.damageTaken":623,"stat.mineBlock.minecraft.furnace":1,"stat.craftItem.minecraft.stone_pickaxe":1,"stat.useItem.minecraft.wooden_pickaxe":7,"stat.pickup.minecraft.cobblestone":16,"stat.mobKills":11,"stat.pickup.minecraft.book":15,"stat.pickup.minecraft.log2":41,"stat.mineBlock.minecraft.log":3,"stat.mineBlock.minecraft.bookshelf":5,"stat.pickup.overlast.dumpling":32,"stat.flyOneCm":58464,"stat.pickup.minecraft.bed":1,"stat.deaths":1,"stat.drop":4,"stat.pickup.minecraft.wheat_seeds":68,"stat.pickup.minecraft.brown_mushroom":1,"stat.mineBlock.fossil.worktable":1,"stat.pickup.minecraft.beetroot_seeds":34,"stat.pickup.fossil.sifter":1,"stat.pickup.minecraft.potato":20,"stat.playOneMinute":24542,"stat.useItem.minecraft.stone_pickaxe":13,"stat.killEntity.Sheep":8,"stat.sneakTime":108,"stat.useItem.minecraft.stone_sword":24,"stat.pickup.minecraft.wool":8,"stat.useItem.overlast.dumpling":7,"stat.pickup.quark.tallow":6,"stat.damageDealt":950,"stat.pickup.minecraft.item_frame":2,"stat.sleepInBed":1,"stat.timeSinceDeath":1922,"stat.useItem.minecraft.wooden_axe":3,"stat.mineBlock.fossil.analyzer":1,"stat.craftItem.minecraft.wooden_pickaxe":1,"stat.mineBlock.minecraft.stone":16,"stat.killEntity.Pig":3,"stat.mineBlock.minecraft.tallgrass":1,"stat.pickup.minecraft.mutton":15,"stat.diveOneCm":5260,"stat.pickup.minecraft.wheat":15,"stat.pickup.minecraft.cooked_mutton":1,"stat.mineBlock.minecraft.brick_block":2}