{"stat.chestOpened":25,"stat.drop.minecraft.waterlily":10,"stat.pickup.minecraft.gravel":6,"stat.leaveGame":1,"stat.pickup.minecraft.waterlily":12,"stat.mineBlock.minecraft.cobblestone":5,"stat.entityKilledBy.techguns.ZombieMiner":1,"stat.pickup.minecraft.flower_pot":1,"stat.entityKilledBy.fossil.tarslime":1,"stat.jump":1098,"stat.swimOneCm":34587,"stat.useItem.minecraft.sand":7,"stat.pickup.minecraft.coal":55,"stat.fallOneCm":22476,"stat.climbOneCm":2575,"stat.pickup.minecraft.iron_ingot":1,"stat.killEntity.futuremc:cod":1,"stat.mineBlock.fossil.fossil":1,"stat.pickup.firstaid.bandage":34,"stat.pickup.minecraft.carrot":16,"stat.pickup.minecraft.cooked_porkchop":3,"stat.useItem.minecraft.stone_axe":23,"stat.killEntity.techguns.ZombieSoldier":2,"stat.pickup.minecraft.porkchop":15,"stat.pickup.minecraft.gunpowder":6,"stat.crouchOneCm":17901,"stat.drop.minecraft.brown_mushroom":2,"stat.craftItem.minecraft.torch":36,"stat.craftItem.minecraft.iron_ingot":12,"stat.useItem.minecraft.obsidian":11,"stat.pickup.minecraft.dirt":241,"stat.useItem.minecraft.dirt":218,"stat.useItem.minecraft.stone_slab2":35,"stat.pickup.harvestcraft.calamarirawitem":10,"stat.craftingTableInteraction":28,"stat.pickup.minecraft.iron_ore":17,"stat.craftItem.minecraft.dark_oak_door":6,"stat.pickup.minecraft.sand":64,"stat.craftItem.minecraft.furnace":6,"stat.mineBlock.mca.rose_gold_ore":1,"stat.mineBlock.fossil.sifter":1,"stat.pickup.minecraft.brick_block":2,"stat.pickup.quark.custom_chest":2,"stat.pickup.fossil.worktable":1,"stat.mineBlock.minecraft.glass_pane":1,"stat.mineBlock.minecraft.log2":47,"stat.damageTaken":1441,"stat.pickup.minecraft.leather":8,"stat.mineBlock.minecraft.furnace":2,"stat.craftItem.minecraft.stone_pickaxe":1,"stat.killEntity.techguns.ZombieMiner":4,"stat.mineBlock.minecraft.torch":8,"stat.useItem.minecraft.wooden_pickaxe":7,"stat.useItem.minecraft.furnace":5,"stat.pickup.minecraft.cobblestone":499,"stat.pickup.minecraft.log2":41,"stat.pickup.minecraft.leather_boots":1,"stat.pickup.minecraft.dye":14,"stat.craftItem.spartanweaponry.hammer_stone":1,"stat.flyOneCm":509226,"stat.pickup.minecraft.bed":1,"stat.craftItem.minecraft.iron_shovel":1,"tombstone:undead_killed":9,"stat.entityKilledBy.firedragon":1,"stat.pickup.minecraft.brown_mushroom":2,"stat.pickup.minecraft.wheat_seeds":79,"stat.pickup.fossil.sifter":1,"stat.mineBlock.minecraft.sand":64,"stat.pickup.minecraft.potato":20,"stat.mineBlock.quark.custom_chest":2,"stat.pickup.techguns.t1_miner_chestplate":1,"stat.pickup.minecraft.fish":1,"stat.mineBlock.minecraft.gravel":6,"stat.useItem.minecraft.stone_pickaxe":132,"stat.useItem.minecraft.stone_sword":82,"stat.killEntity.techguns.ZombieFarmer":3,"stat.pickup.quark.tallow":11,"stat.damageDealt":3813,"stat.craftItem.minecraft.glass":42,"stat.pickup.minecraft.redstone":14,"stat.mineBlock.minecraft.iron_ore":17,"stat.sleepInBed":1,"stat.timeSinceDeath":76591,"stat.killEntity.Cow":8,"stat.mineBlock.minecraft.dirt":247,"stat.useItem.minecraft.iron_pickaxe":477,"stat.craftItem.minecraft.wooden_pickaxe":1,"stat.killEntity.Pig":6,"stat.pickup.fossil.plant_fossil":1,"stat.pickup.minecraft.mutton":22,"stat.useItem.minecraft.iron_shovel":256,"stat.mineBlock.minecraft.brick_block":6,"stat.craftItem.minecraft.iron_block":1,"stat.pickup.techguns.itemshared":2,"stat.walkOneCm":292316,"stat.craftItem.minecraft.bed":1,"stat.useItem.minecraft.torch":23,"stat.useItem.quark.custom_chest":12,"stat.drop.minecraft.wheat":4,"stat.useItem.minecraft.potato":19,"stat.craftItem.quark.custom_chest":8,"stat.pickup.minecraft.dark_oak_door":1,"stat.pickup.minecraft.crafting_table":3,"stat.pickup.techguns.t1_miner_boots":1,"stat.pickup.techguns.basicore":3,"stat.useItem.minecraft.cobblestone":32,"stat.mineBlock.techguns.basicore":3,"stat.craftItem.minecraft.crafting_table":6,"stat.furnaceInteraction":26,"stat.drop.minecraft.dirt":1,"stat.craftItem.spartanweaponry.material":1,"stat.useItem.minecraft.cooked_porkchop":3,"stat.mineBlock.minecraft.coal_ore":56,"stat.talkedToVillager":1,"stat.craftItem.minecraft.stone_hoe":2,"stat.pickup.minecraft.log":3,"stat.pickup.minecraft.string":1,"stat.pickup.fossil.analyzer":1,"stat.pickup.minecraft.beef":17,"stat.pickup.minecraft.furnace":2,"stat.useItem.tombstone.gift":1,"stat.useItem.minecraft.cooked_mutton":6,"stat.pickup.usefulbackpacks.backpack":1,"stat.craftItem.minecraft.stone_slab2":0,"stat.craftItem.usefulbackpacks.backpack":2,"stat.pickup.minecraft.hay_block":12,"stat.drop.minecraft.sapling":4,"stat.pickup.minecraft.leather_helmet":2,"stat.pickup.minecraft.sapling":9,"stat.killEntity.Squid":7,"stat.useItem.spartanweaponry.hammer_stone":3,"stat.sprintOneCm":178310,"stat.pickup.minecraft.ladder":1,"stat.pickup.minecraft.apple":3,"stat.craftItem.minecraft.stick":52,"stat.pickup.tombstone.magic_scroll":1,"stat.pickup.mca.rose_gold_ore":1,"stat.drop.minecraft.stone_hoe":1,"stat.pickup.minecraft.beetroot":11,"stat.useItem.minecraft.dark_oak_door":5,"stat.mineBlock.minecraft.stonebrick":5,"stat.craftItem.minecraft.planks":176,"stat.craftItem.minecraft.stone":4,"stat.useItem.minecraft.wheat_seeds":9,"stat.mineBlock.minecraft.crafting_table":3,"stat.mobKills":46,"stat.pickup.minecraft.book":15,"stat.mineBlock.minecraft.bookshelf":5,"stat.mineBlock.minecraft.log":3,"stat.pickup.overlast.dumpling":32,"stat.mineBlock.minecraft.waterlily":1,"stat.useItem.minecraft.stone_hoe":233,"stat.deaths":3,"stat.drop":14,"stat.mineBlock.fossil.worktable":1,"stat.drop.spartanweaponry.hammer_stone":1,"stat.pickup.minecraft.beetroot_seeds":34,"stat.playOneMinute":107461,"stat.pickup.minecraft.torch":9,"stat.killEntity.Sheep":13,"stat.pickup.minecraft.red_flower":7,"stat.mineBlock.minecraft.redstone_ore":2,"stat.sneakTime":5124,"stat.craftItem.minecraft.iron_pickaxe":2,"stat.pickup.minecraft.wool":13,"stat.useItem.overlast.dumpling":7,"stat.drop.firstaid.bandage":2,"stat.pickup.minecraft.item_frame":2,"stat.mineBlock.minecraft.hay_block":12,"stat.useItem.minecraft.wooden_axe":3,"stat.mineBlock.fossil.analyzer":1,"stat.mineBlock.minecraft.stone":503,"stat.mineBlock.minecraft.tallgrass":20,"stat.craftItem.minecraft.cooked_mutton":19,"stat.diveOneCm":34354,"stat.pickup.minecraft.wheat":19,"stat.pickup.minecraft.cooked_mutton":1}