{"stat.mineBlock.iceandfire.chared_grass":4,"stat.leaveGame":18,"stat.pickup.tombstone.familiar_stone":1,"stat.pickup.mutantbeasts.mutant_skeleton_pelvis":1,"stat.entityKilledBy.fossil.tarslime":1,"stat.pickup.securitycraft.reinforced_stained_glass":1,"stat.mineBlock.minecraft.web":14,"stat.craftItem.harvestcraft.calamaricookeditem":10,"stat.pickup.firstaid.bandage":50,"stat.pickup.harvestcraft.calamarirawitem":10,"stat.pickup.minecraft.rotten_flesh":7,"stat.pickup.quark.basalt":4,"stat.pickup.minecraft.brick_block":2,"stat.pickup.torchmaster.feral_flare_lantern":1,"stat.craftItem.spartanshields.shield_basic_diamond":1,"stat.pickup.minecraft.leather_boots":1,"stat.entityKilledBy.techguns.ZombieSoldier":2,"stat.craftItem.minecraft.iron_shovel":2,"stat.pickup.minecraft.brown_mushroom":2,"stat.pickup.quark.tallow":18,"stat.craftItem.nocubessrparmory.pestilentarmorlegs":1,"stat.useItem.minecraft.iron_pickaxe":502,"stat.craftItem.minecraft.wooden_pickaxe":1,"stat.useItem.minecraft.iron_shovel":403,"stat.mineBlock.minecraft.brick_block":6,"stat.craftItem.minecraft.bed":1,"stat.craftItem.minecraft.glass_pane":16,"stat.pickup.fossil.volcanic_rock":11,"stat.pickup.techguns.basicore":29,"stat.furnaceInteraction":366,"stat.craftItem.spartanweaponry.material":1,"stat.pickup.harvestcraft.cornitem":2,"stat.pickup.minecraft.beef":17,"stat.mineBlock.torchmaster.feral_flare_lantern":1,"stat.pickup.spartanshields.shield_basic_diamond":1,"stat.pickup.minecraft.hay_block":12,"stat.pickup.nocubessrparmory.pestilentarmorlegs":1,"stat.pickup.minecraft.leather_helmet":2,"stat.pickup.mca.rose_gold_ore":4,"stat.useItem.minecraft.dark_oak_door":5,"stat.useItem.minecraft.flint_and_steel":1,"stat.useItem.minecraft.wheat_seeds":14,"stat.craftItem.securitycraft.laser_block":2,"stat.useItem.minecraft.dye":46,"stat.pickup.securitycraft.universal_block_reinforcer_lvl2":1,"stat.deaths":35,"stat.craftItem.futuremc.blast_furnace":3,"stat.drop.spartanweaponry.hammer_stone":1,"stat.craftItem.minecraft.iron_pickaxe":3,"stat.entityKilledBy.techguns.ZombiePigmanSoldier":1,"stat.pickup.minecraft.item_frame":2,"stat.drop.minecraft.iron_ingot":13,"stat.craftItem.mutantbeasts.mutant_skeleton_arms":1,"stat.mineBlock.minecraft.tallgrass":51,"stat.craftItem.minecraft.cooked_mutton":19,"stat.pickup.minecraft.cooked_mutton":1,"stat.chestOpened":35,"stat.pickup.minecraft.arrow":4,"stat.pickup.minecraft.iron_sword":1,"stat.pickup.minecraft.gold_nugget":6,"stat.pickup.harvestcraft.chilipepperitem":2,"stat.craftItem.minecraft.coal":24,"stat.drop.minecraft.iron_pickaxe":1,"stat.pickup.mutantbeasts.mutant_skeleton_shoulder_pad":2,"stat.pickup.minecraft.carrot":16,"stat.pickup.mutantbeasts.mutant_skeleton_skull":1,"stat.crouchOneCm":145457,"stat.craftItem.minecraft.diamond":9,"stat.craftItem.minecraft.iron_ingot":190,"stat.craftingTableInteraction":104,"stat.pickup.iceandfire.silver_ore":5,"stat.drop.quark.tallow":7,"stat.mineBlock.minecraft.log2":81,"stat.mineBlock.fossil.figurine":1,"stat.useItem.minecraft.reeds":7,"stat.pickup.minecraft.dye":16,"stat.pickup.minecraft.planks":16,"stat.craftItem.minecraft.diamond_shovel":2,"stat.pickup.minecraft.wheat_seeds":131,"stat.pickup.techguns.t1_miner_chestplate":4,"stat.mineBlock.minecraft.glass":16,"stat.killEntity.techguns.ZombiePigmanSoldier":2,"stat.mineBlock.fossil.volcanic_rock":12,"stat.mineBlock.minecraft.dirt":687,"stat.pickup.minecraft.poisonous_potato":9,"stat.pickup.securitycraft.reinforced_glass_block":383,"stat.mineBlock.iceandfire.silver_ore":5,"stat.useItem.securitycraft.reinforced_glass_block":335,"stat.useItem.minecraft.cobblestone":501,"stat.useItem.minecraft.gravel":4,"stat.mineBlock.minecraft.double_plant":1,"stat.craftItem.firstaid.bandage":2,"stat.useItem.torchmaster.feral_flare_lantern":13,"stat.craftItem.minecraft.gold_ingot":23,"stat.drop.minecraft.sapling":5,"stat.craftItem.quark.custom_bookshelf":4,"stat.pickup.minecraft.apple":13,"stat.craftItem.minecraft.bucket":10,"stat.craftItem.minecraft.planks":232,"stat.pickup.futuremc.cornflower":2,"stat.useItem.harvestcraft.artichokeitem":1,"stat.useItem.securitycraft.universal_block_remover":26,"stat.pickup.minecraft.book":16,"stat.mineBlock.minecraft.log":137,"stat.mineBlock.minecraft.waterlily":1,"stat.craftItem.minecraft.paper":21,"stat.craftItem.mutantbeasts.mutant_skeleton_leggings":1,"stat.pickup.minecraft.red_flower":17,"stat.pickup.mutantbeasts.mutant_skeleton_limb":9,"stat.pickup.minecraft.wool":25,"stat.useItem.minecraft.wooden_axe":3,"stat.mineBlock.fossil.analyzer":1,"stat.craftItem.nocubessrparmory.pestilentarmorbody":2,"stat.drop.harvestcraft.parsnipitem":1,"stat.craftItem.nocubessrparmory.pestilentarmorhelmet":1,"stat.craftItem.minecraft.diamond_leggings":1,"stat.pickup.fossil.biofossil":4,"stat.mineBlock.minecraft.cobblestone":31,"stat.pickup.minecraft.flint":3,"stat.mineBlock.minecraft.yellow_flower":1,"stat.mineBlock.iceandfire.chared_stone":1,"stat.mineBlock.srparasites.gore":14,"stat.pickup.minecraft.flower_pot":1,"stat.pickup.minecraft.cooked_porkchop":3,"stat.killEntity.techguns.ZombieSoldier":16,"stat.useItem.minecraft.obsidian":11,"stat.useItem.minecraft.stone_slab2":127,"stat.pickup.minecraft.bow":1,"stat.craftItem.minecraft.dark_oak_door":6,"stat.craftItem.minecraft.furnace":12,"stat.craftItem.minecraft.iron_boots":1,"stat.craftItem.futuremc.smooth_stone":11,"stat.craftItem.minecraft.cooked_beef":4,"stat.mineBlock.minecraft.obsidian":1,"stat.pickup.mutantbeasts.mutant_skeleton_rib":4,"stat.flyOneCm":1299360,"stat.pickup.minecraft.fish":3,"stat.craftItem.minecraft.stained_glass":8,"stat.timeSinceDeath":34,"stat.craftItem.minecraft.iron_block":15,"stat.useItem.minecraft.potato":152,"stat.mineBlock.minecraft.coal_ore":211,"stat.killEntity.Creeper":6,"stat.talkedToVillager":1,"stat.craftItem.minecraft.stone_hoe":2,"stat.pickup.minecraft.string":16,"stat.pickup.tombstone.crafting_ingredient":2,"stat.killEntity.Squid":7,"stat.useItem.spartanweaponry.hammer_stone":3,"stat.sprintOneCm":747341,"stat.useItem.minecraft.diamond_shovel":1548,"stat.drop.minecraft.stone_hoe":1,"stat.mineBlock.minecraft.diamond_ore":93,"stat.pickup.nocubessrpnests.organicsample":2,"stat.pickup.fossil.relic_scrap":4,"stat.pickup.overlast.dumpling":32,"stat.pickup.harvestcraft.mustardseedsitem":1,"stat.pickup.harvestcraft.flaxitem":1,"stat.craftItem.torchmaster.feral_flare_lantern":13,"stat.killEntity.Zombie":5,"stat.pickup.minecraft.snowball":7,"stat.craftItem.minecraft.dye":51,"stat.craftItem.minecraft.diamond_axe":1,"stat.mineBlock.minecraft.gold_ore":24,"stat.diveOneCm":178761,"stat.pickup.minecraft.wheat":57,"stat.mineBlock.minecraft.mossy_cobblestone":23,"stat.craftItem.minecraft.cooked_porkchop":5,"stat.pickup.minecraft.obsidian":1,"stat.craftItem.minecraft.diamond_sword":1,"stat.jump":6339,"stat.useItem.minecraft.sand":10,"stat.pickup.minecraft.coal":299,"stat.pickup.minecraft.iron_ingot":71,"stat.mineBlock.fossil.fossil":14,"stat.pickup.minecraft.gunpowder":24,"stat.craftItem.minecraft.torch":164,"stat.pickup.minecraft.dirt":769,"stat.useItem.minecraft.glass":702,"stat.pickup.minecraft.gold_ore":21,"stat.useItem.minecraft.sapling":43,"stat.mineBlock.minecraft.glass_pane":1,"stat.damageTaken":10983,"stat.mineBlock.minecraft.torch":11,"stat.mineBlock.minecraft.sapling":1,"stat.pickup.srparasites.assimilated_flesh":38,"stat.pickup.minecraft.log2":69,"stat.craftItem.minecraft.glowstone":13,"stat.pickup.minecraft.bed":1,"stat.pickup.fossil.sifter":1,"stat.pickup.minecraft.potato":721,"stat.pickup.minecraft.diamond_axe":1,"stat.pickup.iceandfire.chared_grass":1,"stat.craftItem.securitycraft.universal_block_reinforcer_lvl2":1,"stat.craftItem.securitycraft.universal_block_reinforcer_lvl1":1,"stat.pickup.techguns.itemshared":46,"stat.useItem.futuremc.blast_furnace":2,"stat.drop.minecraft.wheat":4,"stat.pickup.minecraft.diamond_pickaxe":2,"stat.useItem.minecraft.lava_bucket":2,"stat.mineBlock.srparasites.canisteractive":1,"stat.pickup.techguns.thompson":2,"stat.drop.techguns.t1_miner_boots":1,"stat.useItem.tombstone.gift":2,"stat.craftItem.minecraft.iron_chestplate":1,"stat.useItem.quark.custom_bookshelf":3,"stat.pickup.minecraft.ladder":1,"stat.craftItem.minecraft.bookshelf":2,"stat.craftItem.techguns.itemshared":104,"stat.mineBlock.minecraft.stonebrick":5,"stat.pickup.harvestcraft.cucumberitem":3,"stat.pickup.harvestcraft.strawberryitem":1,"stat.useItem.hammerx.item.hammer":304,"stat.mineBlock.minecraft.glowstone":19,"stat.mobKills":204,"stat.mineBlock.minecraft.bookshelf":5,"stat.craftItem.minecraft.shears":4,"stat.useItem.minecraft.mossy_cobblestone":12,"stat.pickup.minecraft.diamond":94,"stat.pickup.minecraft.beetroot_seeds":34,"stat.pickup.minecraft.torch":14,"stat.drop.minecraft.waterlily":10,"stat.useItem.minecraft.bookshelf":1,"stat.entityKilledBy.techguns.ZombieMiner":2,"stat.killEntity.mutantbeasts.mutant_skeleton":1,"stat.pickup.srparasites.parasitecanister":7,"stat.useItem.minecraft.planks":2,"stat.killEntity.futuremc:cod":1,"stat.pickup.minecraft.glowstone_dust":53,"stat.pickup.minecraft.porkchop":22,"stat.pickup.minecraft.glass":47,"stat.useItem.minecraft.water_bucket":7,"stat.drop.minecraft.poisonous_potato":3,"stat.pickup.minecraft.sand":2111,"stat.craftItem.minecraft.golden_apple":2,"stat.craftItem.nocubessrparmory.twistedarmorboots":1,"stat.mineBlock.nocubessrpnests.nestegg":2,"stat.pickup.hammerx.item.hammer":1,"stat.pickup.harvestcraft.wintersquashitem":1,"stat.mineBlock.fossil.iced_stone":7,"stat.entityKilledBy.firedragon":1,"stat.mineBlock.minecraft.sand":1368,"stat.pickup.iceandfire.ash":2,"stat.pickup.techguns.ak47":1,"stat.killEntity.techguns.ZombieFarmer":7,"stat.craftItem.spartanshields.shield_basic_wood":1,"stat.pickup.srparasites.lurecomponent2":1,"stat.mineBlock.futuremc.cornflower":1,"stat.pickup.srparasites.lurecomponent1":16,"stat.craftItem.hammerx.item.hammer":1,"stat.pickup.minecraft.furnace":5,"stat.useItem.minecraft.cooked_mutton":10,"stat.mineBlock.harvestcraft.windygarden":8,"stat.pickup.minecraft.iron_chestplate":1,"stat.pickup.tombstone.magic_scroll":2,"stat.mineBlock.iceandfire.ash":4,"stat.entityKilledBy.mutantbeasts.mutant_skeleton":3,"stat.playOneMinute":566398,"stat.pickup.techguns.handcannon":1,"stat.craftItem.minecraft.diamond_block":6,"stat.pickup.minecraft.diamond_block":4,"stat.useItem.overlast.dumpling":7,"stat.pickup.minecraft.netherrack":10,"stat.craftItem.futuremc.smoker":2,"stat.mineBlock.minecraft.netherrack":10,"stat.pickup.minecraft.waterlily":12,"stat.mineBlock.minecraft.ice":11,"stat.craftItem.minecraft.iron_nugget":18,"stat.fallOneCm":95408,"stat.useItem.harvestcraft.chilipepperitem":1,"stat.entityKilledBy.techguns.Bandit":4,"stat.craftItem.minecraft.chest":1,"stat.killEntity.techguns.Bandit":6,"stat.killEntity.techguns.ZombieMiner":12,"stat.useItem.minecraft.furnace":7,"stat.useItem.futuremc.smoker":1,"stat.craftItem.mca.rose_gold_ingot":1,"stat.mineBlock.minecraft.gravel":18,"stat.useItem.minecraft.stone_pickaxe":132,"stat.useItem.minecraft.stone_sword":82,"stat.useItem.minecraft.torch":80,"stat.craftItem.minecraft.redstone_block":16,"stat.pickup.minecraft.crafting_table":3,"stat.mineBlock.techguns.basicore":29,"stat.craftItem.minecraft.crafting_table":8,"stat.pickup.minecraft.log":124,"stat.pickup.fossil.analyzer":1,"stat.pickup.usefulbackpacks.backpack":2,"stat.craftItem.usefulbackpacks.backpack":2,"stat.pickup.nocubessrparmory.pestilentarmorboots":1,"stat.pickup.minecraft.sapling":80,"stat.craftItem.nocubessrparmory.twistedarmorhelmet":1,"stat.mineBlock.overlast.red_leaves":2,"stat.pickup.minecraft.beetroot":11,"stat.pickup.harvestcraft.parsnipitem":2,"stat.mineBlock.quark.basalt":4,"stat.useItem.minecraft.stone_hoe":233,"stat.craftItem.mutantbeasts.mutant_skeleton_boots":1,"stat.sneakTime":34045,"stat.drop.firstaid.bandage":2,"stat.entityKilledBy.Blaze":1,"stat.useItem.minecraft.baked_potato":75,"stat.pickup.minecraft.yellow_flower":6,"stat.craftItem.minecraft.enchanting_table":1,"stat.useItem.minecraft.web":13,"stat.craftItem.minecraft.diamond_chestplate":1,"stat.pickup.minecraft.bone":13,"stat.pickup.fossil.figurine":1,"stat.useItem.minecraft.diamond_sword":406,"stat.craftItem.minecraft.diamond_helmet":1,"stat.swimOneCm":126194,"stat.pickup.quark.glass_shards":50,"stat.climbOneCm":3542,"stat.pickup.harvestcraft.artichokeitem":2,"stat.craftItem.minecraft.gold_block":1,"stat.mineBlock.quark.roots":2,"stat.drop.minecraft.brown_mushroom":2,"stat.pickup.nocubessrparmory.pestilentarmorbody":1,"stat.useItem.minecraft.dirt":735,"stat.useItem.harvestcraft.barleyitem":1,"stat.pickup.securitycraft.reinforced_metals":2,"stat.pickup.fossil.worktable":1,"stat.craftItem.minecraft.stone_pickaxe":1,"stat.pickup.minecraft.cobblestone":2734,"stat.mineBlock.quark.custom_chest":2,"stat.mineBlock.overlast.blue_leaves":1,"stat.drop.minecraft.wheat_seeds":1,"stat.mineBlock.charm.nether_gold_deposit":3,"stat.useItem.minecraft.cooked_beef":4,"stat.pickup.minecraft.redstone":141,"stat.mineBlock.minecraft.iron_ore":240,"stat.drop.minecraft.log":1,"stat.pickup.fossil.plant_fossil":1,"stat.pickup.minecraft.mutton":23,"stat.pickup.minecraft.mossy_cobblestone":21,"stat.killEntity.techguns.SkeletonSoldier":5,"stat.useItem.harvestcraft.cornitem":1,"stat.pickup.minecraft.dark_oak_door":1,"stat.drop.minecraft.dirt":1,"stat.useItem.minecraft.cooked_porkchop":8,"stat.pickup.minecraft.diamond_shovel":1,"stat.pickup.techguns.t1_combat_helmet":2,"stat.craftItem.minecraft.stone_slab2":0,"stat.useItem.harvestcraft.cucumberitem":1,"stat.craftItem.minecraft.stick":76,"stat.craftItem.minecraft.stone":51,"stat.craftItem.minecraft.gold_nugget":18,"stat.pickup.harvestcraft.barleyitem":4,"stat.pickup.techguns.t1_miner_leggings":1,"stat.mineBlock.minecraft.crafting_table":3,"stat.useItem.minecraft.diamond_pickaxe":545,"stat.mineBlock.minecraft.planks":6,"stat.drop":42,"stat.killEntity.Sheep":14,"stat.craftItem.minecraft.diamond_pickaxe":1,"stat.craftItem.securitycraft.universal_block_remover":2,"stat.pickup.fossil.stone_tablet":1,"stat.drop.harvestcraft.cornitem":1,"stat.pickup.minecraft.gravel":15,"stat.useItem.minecraft.diamond_axe":32,"stat.useItem.minecraft.apple":3,"stat.pickup.minecraft.diamond_sword":1,"stat.useItem.minecraft.stone_axe":23,"stat.pickup.harvestcraft.peanutitem":1,"stat.pickup.minecraft.spider_eye":1,"stat.craftItem.nocubessrparmory.twistedpart":12,"stat.pickup.minecraft.iron_ore":240,"stat.mineBlock.mca.rose_gold_ore":2,"stat.mineBlock.fossil.sifter":1,"stat.craftItem.minecraft.flint_and_steel":1,"stat.entityKilledBy.techguns.SkeletonSoldier":1,"stat.pickup.nocubessrparmory.pestilentarmorhelmet":1,"stat.pickup.quark.custom_chest":2,"stat.pickup.minecraft.leather":14,"stat.mineBlock.minecraft.furnace":5,"stat.useItem.minecraft.wooden_pickaxe":7,"stat.craftItem.spartanweaponry.hammer_stone":1,"stat.pickup.minecraft.reeds":31,"stat.killEntity.CaveSpider":2,"tombstone:undead_killed":49,"stat.pickup.srparasites.canisteractive":1,"stat.damageDealt":20120,"stat.craftItem.minecraft.glass":1114,"stat.sleepInBed":18,"stat.craftItem.minecraft.baked_potato":469,"stat.killEntity.Cow":8,"stat.mineBlock.quark.roots_blue_flower":1,"stat.killEntity.Pig":9,"stat.mineBlock.iceandfire.chared_dirt":1,"stat.pickup.harvestcraft.elderberryitem":2,"stat.walkOneCm":1816083,"stat.useItem.quark.custom_chest":12,"stat.playerKills":1,"stat.pickup.minecraft.stick":2,"stat.craftItem.quark.custom_chest":8,"stat.pickup.techguns.t1_miner_boots":3,"stat.pickup.minecraft.clay_ball":1,"stat.drop.techguns.t1_miner_chestplate":1,"stat.useItem.fossil.figurine":1,"stat.pickup.quark.root_flower":3,"stat.drop.minecraft.iron_chestplate":1,"stat.pickup.minecraft.gold_ingot":34,"stat.killEntity.Skeleton":1,"stat.pickup.harvestcraft.amaranthitem":1,"stat.mineBlock.srparasites.infestremain":11,"stat.killEntity.Spider":1,"stat.mineBlock.minecraft.quartz_ore":3,"stat.craftItem.nocubessrparmory.pestilentpart":26,"stat.pickup.minecraft.quartz":6,"stat.mineBlock.fossil.worktable":1,"stat.mineBlock.minecraft.leaves":3,"stat.mineBlock.srparasites.parasitecanister":8,"stat.mineBlock.minecraft.redstone_ore":28,"stat.mineBlock.minecraft.hay_block":12,"stat.drop.mutantbeasts.mutant_skeleton_limb":1,"stat.mineBlock.minecraft.stone":2706}