{"stat.chestOpened":25,"stat.drop.minecraft.waterlily":10,"stat.pickup.minecraft.waterlily":12,"stat.entityKilledBy.techguns.ZombieMiner":1,"stat.pickup.minecraft.flower_pot":1,"stat.entityKilledBy.fossil.tarslime":1,"stat.jump":748,"stat.swimOneCm":20246,"stat.pickup.minecraft.coal":53,"stat.fallOneCm":19580,"stat.climbOneCm":2575,"stat.pickup.minecraft.iron_ingot":1,"stat.pickup.firstaid.bandage":34,"stat.pickup.minecraft.carrot":16,"stat.useItem.minecraft.stone_axe":7,"stat.killEntity.techguns.ZombieSoldier":1,"stat.pickup.minecraft.porkchop":9,"stat.pickup.minecraft.gunpowder":6,"stat.crouchOneCm":1519,"stat.drop.minecraft.brown_mushroom":2,"stat.craftItem.minecraft.torch":36,"stat.pickup.minecraft.dirt":1,"stat.useItem.minecraft.stone_slab2":5,"stat.pickup.harvestcraft.calamarirawitem":10,"stat.craftingTableInteraction":7,"stat.pickup.minecraft.iron_ore":8,"stat.mineBlock.fossil.sifter":1,"stat.pickup.minecraft.brick_block":2,"stat.pickup.fossil.worktable":1,"stat.mineBlock.minecraft.glass_pane":1,"stat.mineBlock.minecraft.log2":47,"stat.damageTaken":1353,"stat.pickup.minecraft.leather":8,"stat.mineBlock.minecraft.furnace":1,"stat.craftItem.minecraft.stone_pickaxe":1,"stat.killEntity.techguns.ZombieMiner":3,"stat.useItem.minecraft.wooden_pickaxe":7,"stat.pickup.minecraft.cobblestone":22,"stat.pickup.minecraft.log2":41,"stat.pickup.minecraft.leather_boots":1,"stat.pickup.minecraft.dye":14,"stat.flyOneCm":444469,"stat.pickup.minecraft.bed":1,"tombstone:undead_killed":7,"stat.entityKilledBy.firedragon":1,"stat.pickup.minecraft.brown_mushroom":2,"stat.pickup.minecraft.wheat_seeds":70,"stat.pickup.fossil.sifter":1,"stat.pickup.minecraft.potato":20,"stat.pickup.techguns.t1_miner_chestplate":1,"stat.useItem.minecraft.stone_pickaxe":96,"stat.useItem.minecraft.stone_sword":79,"stat.killEntity.techguns.ZombieFarmer":3,"stat.pickup.quark.tallow":6,"stat.damageDealt":3473,"stat.pickup.minecraft.redstone":1,"stat.mineBlock.minecraft.iron_ore":8,"stat.sleepInBed":1,"stat.timeSinceDeath":29672,"stat.killEntity.Cow":8,"stat.mineBlock.minecraft.dirt":1,"stat.craftItem.minecraft.wooden_pickaxe":1,"stat.killEntity.Pig":3,"stat.pickup.minecraft.mutton":22,"stat.mineBlock.minecraft.brick_block":6,"stat.walkOneCm":135601,"stat.useItem.minecraft.torch":1,"stat.pickup.techguns.t1_miner_boots":1,"stat.useItem.minecraft.cobblestone":4,"stat.craftItem.minecraft.crafting_table":3,"stat.furnaceInteraction":1,"stat.drop.minecraft.dirt":1,"stat.mineBlock.minecraft.coal_ore":56,"stat.talkedToVillager":1,"stat.pickup.minecraft.log":3,"stat.pickup.minecraft.string":1,"stat.pickup.fossil.analyzer":1,"stat.pickup.minecraft.beef":17,"stat.pickup.minecraft.furnace":1,"stat.useItem.tombstone.gift":1,"stat.pickup.usefulbackpacks.backpack":1,"stat.craftItem.usefulbackpacks.backpack":2,"stat.pickup.minecraft.hay_block":12,"stat.drop.minecraft.sapling":4,"stat.pickup.minecraft.leather_helmet":2,"stat.pickup.minecraft.sapling":9,"stat.killEntity.Squid":7,"stat.sprintOneCm":151824,"stat.pickup.minecraft.ladder":1,"stat.pickup.minecraft.apple":3,"stat.craftItem.minecraft.stick":40,"stat.pickup.tombstone.magic_scroll":1,"stat.pickup.minecraft.beetroot":11,"stat.mineBlock.minecraft.stonebrick":5,"stat.craftItem.minecraft.planks":60,"stat.mobKills":39,"stat.pickup.minecraft.book":15,"stat.mineBlock.minecraft.bookshelf":5,"stat.mineBlock.minecraft.log":3,"stat.pickup.overlast.dumpling":32,"stat.mineBlock.minecraft.waterlily":1,"stat.deaths":3,"stat.drop":11,"stat.mineBlock.fossil.worktable":1,"stat.pickup.minecraft.beetroot_seeds":34,"stat.playOneMinute":60542,"stat.killEntity.Sheep":13,"stat.pickup.minecraft.red_flower":1,"stat.sneakTime":1557,"stat.pickup.minecraft.wool":13,"stat.useItem.overlast.dumpling":7,"stat.drop.firstaid.bandage":2,"stat.pickup.minecraft.item_frame":2,"stat.mineBlock.minecraft.hay_block":12,"stat.useItem.minecraft.wooden_axe":3,"stat.mineBlock.fossil.analyzer":1,"stat.mineBlock.minecraft.stone":23,"stat.mineBlock.minecraft.tallgrass":6,"stat.diveOneCm":34354,"stat.pickup.minecraft.wheat":15,"stat.pickup.minecraft.cooked_mutton":1}