{"stat.leaveGame":9,"stat.useItem.harvestcraft.amaranthitem":14,"stat.mineBlock.quark.sandstone_new":11,"stat.pickup.tombstone.familiar_stone":1,"stat.mineBlock.minecraft.sandstone":58,"stat.useItem.minecraft.planks":3,"stat.useItem.tombstone.familiar_stone":1,"stat.pickup.firstaid.bandage":16,"stat.mineBlock.minecraft.acacia_fence_gate":3,"stat.pickup.minecraft.porkchop":12,"stat.useItem.minecraft.water_bucket":8,"stat.craftItem.securitycraft.reinforced_stairs_stone":8,"stat.pickup.minecraft.rotten_flesh":2,"stat.pickup.minecraft.sand":579,"stat.pickup.minecraft.hardened_clay":32,"stat.pickup.torchmaster.feral_flare_lantern":14,"stat.pickup.hammerx.item.hammer":1,"stat.pickup.iceandfire.witherbone":1,"stat.pickup.harvestcraft.wintersquashitem":3,"stat.killEntity.if_cockatrice":1,"stat.entityKilledBy.techguns.ZombieSoldier":1,"stat.mineBlock.minecraft.sand":589,"stat.pickup.securitycraft.reinforced_cobblestone":41,"stat.killEntity.techguns.ZombieFarmer":7,"stat.pickup.quark.tallow":7,"stat.useItem.securitycraft.reinforced_cobblestone":4,"stat.pickup.minecraft.stained_hardened_clay":63,"stat.craftItem.minecraft.hardened_clay":314,"stat.useItem.minecraft.hardened_clay":1,"stat.pickup.harvestcraft.onionitem":15,"stat.pickup.techguns.basicore":13,"stat.pickup.fossil.bone_unique_item":1,"stat.furnaceInteraction":182,"stat.pickup.harvestcraft.cornitem":10,"stat.pickup.srparasites.lurecomponent2":1,"stat.pickup.srparasites.lurecomponent1":3,"stat.pickup.minecraft.beef":10,"stat.mineBlock.torchmaster.feral_flare_lantern":4,"stat.pickup.spartanshields.shield_basic_diamond":1,"stat.mineBlock.harvestcraft.windygarden":24,"stat.pickup.nocubessrparmory.pestilentarmorlegs":1,"stat.mineBlock.minecraft.stained_hardened_clay":63,"stat.craftItem.futuremc.dye":4,"stat.useItem.minecraft.fence":20,"stat.useItem.minecraft.stone_stairs":29,"stat.mineBlock.minecraft.fence":27,"stat.entityKilledBy.quark:pirate":1,"stat.useItem.minecraft.wheat_seeds":46,"stat.useItem.minecraft.dye":8,"stat.pickup.securitycraft.universal_block_reinforcer_lvl2":1,"stat.pickup.harvestcraft.pomegranateitem":4,"stat.deaths":11,"stat.craftItem.futuremc.blast_furnace":2,"stat.pickup.minecraft.egg":1,"stat.playOneMinute":394476,"stat.pickup.techguns.t1_miner_helmet":1,"stat.mineBlock.minecraft.tallgrass":187,"stat.chestOpened":198,"stat.drop.quark.custom_chest":6,"stat.craftItem.futuremc.smoker":1,"stat.useItem.securitycraft.reinforced_sandstone":6,"stat.useItem.minecraft.stone":24,"stat.pickup.minecraft.arrow":20,"stat.pickup.minecraft.iron_sword":1,"stat.useItem.minecraft.acacia_fence_gate":1,"stat.mineBlock.minecraft.ice":6,"stat.pickup.minecraft.acacia_fence_gate":3,"stat.pickup.harvestcraft.chilipepperitem":4,"stat.craftItem.minecraft.iron_hoe":1,"stat.fallOneCm":47619,"stat.pickup.minecraft.carrot":16,"stat.useItem.securitycraft.reinforced_stairs_cobblestone":5,"stat.crouchOneCm":82755,"stat.mineBlock.minecraft.chest":3,"stat.craftItem.minecraft.iron_ingot":87,"stat.craftItem.minecraft.chest":89,"stat.useItem.harvestcraft.bellpepperitem":6,"stat.pickup.cgm.assault_rifle":1,"stat.useItem.minecraft.iron_hoe":134,"stat.craftingTableInteraction":89,"stat.pickup.fossil.bone_ribcage":1,"stat.mineBlock.minecraft.log2":62,"stat.pickup.minecraft.feather":2,"stat.killEntity.techguns.ZombieMiner":9,"stat.useItem.minecraft.furnace":11,"stat.pickup.minecraft.dye":28,"stat.pickup.minecraft.planks":133,"stat.pickup.minecraft.wheat_seeds":79,"stat.pickup.harvestcraft.oliveitem":2,"stat.mineBlock.minecraft.gravel":19,"stat.useItem.securitycraft.reinforced_stairs_stone":7,"stat.drop.quark.sandstone_new":40,"stat.mineBlock.minecraft.dirt":283,"stat.useItem.minecraft.torch":46,"stat.craftItem.minecraft.stone_stairs":32,"stat.useItem.minecraft.log":71,"stat.pickup.minecraft.crafting_table":2,"stat.useItem.minecraft.cobblestone":565,"stat.mineBlock.techguns.basicore":8,"stat.craftItem.minecraft.crafting_table":8,"stat.mineBlock.minecraft.double_plant":4,"stat.craftItem.futuremc.barrel":25,"stat.useItem.torchmaster.feral_flare_lantern":4,"stat.pickup.minecraft.log":455,"stat.pickup.securitycraft.reinforced_stone":719,"stat.pickup.minecraft.iron_pickaxe":2,"stat.craftItem.nocubessrparmory.rawcarbonsteel":3,"stat.pickup.usefulbackpacks.backpack":1,"stat.craftItem.usefulbackpacks.backpack":1,"stat.pickup.minecraft.chicken":2,"stat.pickup.nocubessrparmory.pestilentarmorboots":1,"stat.pickup.minecraft.sapling":342,"stat.pickup.minecraft.apple":19,"stat.pickup.harvestcraft.parsnipitem":17,"stat.craftItem.minecraft.bucket":1,"stat.craftItem.minecraft.planks":1284,"stat.pickup.securitycraft.reinforced_stairs_spruce":3,"stat.useItem.securitycraft.universal_block_remover":558,"stat.useItem.quark.sandstone_new":11,"stat.useItem.minecraft.stonebrick":8,"stat.mineBlock.minecraft.log":362,"stat.craftItem.minecraft.cooked_chicken":2,"stat.useItem.carryon.entity_item":8,"stat.drop.harvestcraft.flaxitem":2,"stat.useItem.harvestcraft.elderberryitem":1,"stat.sneakTime":17543,"stat.pickup.minecraft.wool":16,"stat.pickup.minecraft.yellow_flower":1,"stat.pickup.quark.pirate_hat":1,"stat.pickup.minecraft.chest":3,"stat.pickup.securitycraft.reinforced_sand":19,"stat.pickup.minecraft.bone":33,"stat.pickup.fossil.biofossil":7,"stat.mineBlock.minecraft.cobblestone":96,"stat.pickup.minecraft.flint":2,"stat.mineBlock.srparasites.gore":9,"stat.craftItem.minecraft.acacia_fence_gate":3,"stat.useItem.minecraft.diamond_sword":251,"stat.swimOneCm":54919,"stat.pickup.harvestcraft.artichokeitem":2,"stat.climbOneCm":2818,"stat.mineBlock.minecraft.spruce_stairs":5,"stat.killEntity.techguns.ZombieSoldier":3,"stat.useItem.harvestcraft.strawberryitem":5,"stat.pickup.nocubessrparmory.pestilentarmorbody":1,"stat.useItem.minecraft.dirt":212,"stat.useItem.minecraft.stone_slab2":152,"stat.pickup.minecraft.bow":2,"stat.useItem.harvestcraft.barleyitem":5,"stat.craftItem.minecraft.furnace":19,"stat.pickup.securitycraft.reinforced_stairs_cobblestone":6,"stat.useItem.minecraft.egg":1,"stat.useItem.minecraft.iron_ore":1,"stat.pickup.quark.sandstone_new":11,"stat.craftItem.futuremc.smooth_stone":9,"stat.pickup.minecraft.cobblestone":3436,"stat.drop.minecraft.fence":1,"stat.craftItem.securitycraft.reinforced_stone_brick":280,"stat.mineBlock.minecraft.clay":400,"stat.flyOneCm":707037,"stat.pickup.minecraft.sandstone":58,"stat.mineBlock.quark.custom_chest":6,"stat.pickup.minecraft.fish":2,"stat.drop.minecraft.wheat_seeds":14,"stat.craftItem.minecraft.wooden_slab":84,"stat.pickup.minecraft.redstone":4,"stat.mineBlock.minecraft.iron_ore":81,"stat.timeSinceDeath":3827,"stat.craftItem.minecraft.acacia_door":3,"stat.pickup.fossil.plant_fossil":17,"stat.pickup.minecraft.mutton":7,"stat.craftItem.minecraft.iron_block":7,"stat.killEntity.techguns.SkeletonSoldier":1,"stat.craftItem.minecraft.stonebrick":16,"stat.useItem.minecraft.potato":13,"stat.useItem.harvestcraft.cornitem":1,"stat.pickup.minecraft.diamond_shovel":1,"stat.craftItem.quark.sandstone_new":80,"stat.mineBlock.minecraft.coal_ore":201,"stat.drop.securitycraft.reinforced_stairs_stone":1,"stat.pickup.techguns.t1_combat_helmet":1,"stat.pickup.minecraft.string":8,"stat.pickup.tombstone.crafting_ingredient":12,"stat.entityKilledBy.Skeleton":1,"stat.craftItem.minecraft.stone_slab2":0,"stat.craftItem.nocubessrparmory.infestedtoolrod":1,"stat.useItem.harvestcraft.cucumberitem":1,"stat.killEntity.Squid":1,"stat.sprintOneCm":329051,"stat.useItem.minecraft.diamond_shovel":1265,"stat.craftItem.minecraft.stick":40,"stat.craftItem.minecraft.stained_hardened_clay":312,"stat.craftItem.minecraft.stone":281,"stat.pickup.harvestcraft.barleyitem":20,"stat.craftItem.nocubessrparmory.carbonsteel":3,"stat.mineBlock.minecraft.crafting_table":2,"stat.pickup.fossil.relic_scrap":7,"stat.useItem.minecraft.diamond_pickaxe":585,"stat.useItem.minecraft.carrot":8,"stat.pickup.harvestcraft.mustardseedsitem":11,"stat.mineBlock.minecraft.planks":7,"stat.drop":8,"stat.pickup.harvestcraft.flaxitem":16,"stat.killEntity.Sheep":6,"stat.killEntity.Zombie":4,"stat.craftItem.minecraft.dye":48,"stat.craftItem.securitycraft.universal_block_remover":2,"stat.craftItem.minecraft.clay":399,"stat.mineBlock.minecraft.gold_ore":8,"stat.diveOneCm":286968,"stat.pickup.minecraft.wheat":59,"stat.craftItem.minecraft.sandstone":153,"stat.pickup.minecraft.gravel":16,"stat.craftItem.minecraft.cooked_porkchop":8,"stat.useItem.minecraft.diamond_axe":177,"stat.pickup.minecraft.diamond_sword":1,"stat.jump":3136,"stat.useItem.minecraft.sand":12,"stat.pickup.minecraft.fence":26,"stat.pickup.minecraft.coal":204,"stat.pickup.minecraft.iron_ingot":36,"stat.mineBlock.fossil.fossil":58,"stat.pickup.minecraft.gunpowder":6,"stat.pickup.harvestcraft.peanutitem":1,"stat.pickup.minecraft.spider_eye":2,"stat.craftItem.minecraft.torch":88,"stat.pickup.minecraft.dirt":276,"stat.pickup.harvestcraft.bellpepperitem":24,"stat.mineBlock.quark.spruce_trapdoor":1,"stat.useItem.minecraft.cooked_chicken":2,"stat.pickup.minecraft.iron_ore":81,"stat.useItem.minecraft.glass":28,"stat.useItem.minecraft.sapling":62,"stat.pickup.minecraft.gold_ore":8,"stat.mineBlock.minecraft.lapis_ore":4,"stat.pickup.nocubessrparmory.pestilentarmorhelmet":1,"stat.pickup.quark.custom_chest":6,"stat.damageTaken":3429,"stat.pickup.minecraft.leather":10,"stat.useItem.harvestcraft.flaxitem":4,"stat.mineBlock.minecraft.torch":20,"stat.dispenserInspected":14,"stat.useItem.minecraft.acacia_door":2,"stat.useItem.quark.spruce_trapdoor":43,"stat.pickup.srparasites.assimilated_flesh":7,"stat.useItem.securitycraft.reinforced_stone":420,"stat.pickup.minecraft.log2":58,"stat.useItem.harvestcraft.mustardseedsitem":1,"stat.killEntity.CaveSpider":4,"stat.pickup.minecraft.bed":4,"tombstone:undead_killed":39,"stat.pickup.minecraft.potato":30,"stat.pickup.minecraft.diamond_axe":2,"stat.damageDealt":11725,"stat.craftItem.minecraft.glass":49,"stat.sleepInBed":7,"stat.craftItem.quark.spruce_trapdoor":48,"stat.pickup.harvestcraft.lettuceitem":3,"stat.killEntity.Cow":6,"stat.useItem.futuremc.barrel":20,"stat.useItem.minecraft.crafting_table":2,"stat.killEntity.Pig":4,"stat.entityKilledBy.if_cockatrice":2,"stat.pickup.harvestcraft.elderberryitem":16,"stat.useItem.harvestcraft.onionitem":3,"stat.pickup.techguns.itemshared":5,"stat.walkOneCm":1889045,"stat.useItem.futuremc.blast_furnace":1,"stat.useItem.quark.custom_chest":12,"stat.animalsBred":11,"stat.useItem.minecraft.chest":73,"stat.pickup.minecraft.diamond_pickaxe":1,"stat.craftItem.quark.custom_chest":16,"stat.pickup.techguns.t1_miner_boots":1,"stat.pickup.minecraft.clay_ball":1598,"stat.pickup.securitycraft.reinforced_stone_brick":1,"stat.pickup.techguns.thompson":1,"stat.useItem.securitycraft.reinforced_stone_brick":275,"stat.useItem.tombstone.gift":2,"stat.killEntity.quark:pirate":12,"stat.useItem.minecraft.spruce_stairs":48,"stat.pickup.minecraft.baked_potato":128,"stat.pickup.securitycraft.reinforced_sandstone":13,"stat.useItem.minecraft.stained_hardened_clay":354,"stat.pickup.minecraft.gold_ingot":16,"stat.killEntity.Skeleton":3,"stat.pickup.securitycraft.reinforced_clay":1,"stat.pickup.harvestcraft.amaranthitem":25,"stat.useItem.harvestcraft.parsnipitem":3,"stat.pickup.harvestcraft.cucumberitem":14,"stat.pickup.harvestcraft.strawberryitem":15,"stat.pickup.minecraft.bread":1,"stat.useItem.hammerx.item.hammer":430,"stat.craftItem.nocubessrparmory.pestilentpart":12,"stat.mobKills":104,"stat.craftItem.minecraft.shears":3,"stat.pickup.fossil.broken_sword":3,"stat.pickup.fossil.skull_block":3,"stat.pickup.quark.spruce_trapdoor":1,"stat.pickup.minecraft.diamond":10,"stat.mineBlock.minecraft.leaves":49,"stat.pickup.minecraft.torch":19,"stat.pickup.minecraft.spruce_stairs":5,"stat.craftItem.minecraft.spruce_stairs":64,"stat.mineBlock.minecraft.stone":3348,"stat.useItem.minecraft.sandstone":60}