{"stat.pickup.minecraft.bone":13,"stat.pickup.fossil.biofossil":3,"stat.leaveGame":1,"stat.useItem.harvestcraft.amaranthitem":14,"stat.mineBlock.minecraft.cobblestone":19,"stat.mineBlock.quark.sandstone_new":11,"stat.pickup.tombstone.familiar_stone":1,"stat.mineBlock.srparasites.gore":9,"stat.craftItem.minecraft.acacia_fence_gate":3,"stat.useItem.minecraft.diamond_sword":145,"stat.mineBlock.minecraft.sandstone":42,"stat.swimOneCm":22393,"stat.useItem.tombstone.familiar_stone":1,"stat.mineBlock.minecraft.spruce_stairs":1,"stat.pickup.firstaid.bandage":16,"stat.killEntity.techguns.ZombieSoldier":2,"stat.pickup.minecraft.porkchop":12,"stat.useItem.harvestcraft.strawberryitem":5,"stat.pickup.nocubessrparmory.pestilentarmorbody":1,"stat.useItem.minecraft.dirt":169,"stat.useItem.minecraft.stone_slab2":81,"stat.useItem.harvestcraft.barleyitem":5,"stat.useItem.minecraft.water_bucket":8,"stat.craftItem.securitycraft.reinforced_stairs_stone":8,"stat.pickup.minecraft.sand":493,"stat.craftItem.minecraft.furnace":1,"stat.pickup.torchmaster.feral_flare_lantern":13,"stat.pickup.securitycraft.reinforced_stairs_cobblestone":6,"stat.useItem.minecraft.egg":1,"stat.pickup.hammerx.item.hammer":1,"stat.pickup.iceandfire.witherbone":1,"stat.useItem.minecraft.iron_ore":1,"stat.pickup.quark.sandstone_new":11,"stat.pickup.harvestcraft.wintersquashitem":1,"stat.pickup.minecraft.cobblestone":1894,"stat.drop.minecraft.fence":1,"stat.killEntity.if_cockatrice":1,"stat.mineBlock.minecraft.clay":62,"stat.entityKilledBy.techguns.ZombieSoldier":1,"stat.flyOneCm":452495,"stat.pickup.minecraft.sandstone":42,"stat.mineBlock.minecraft.sand":501,"stat.pickup.securitycraft.reinforced_cobblestone":5,"stat.drop.minecraft.wheat_seeds":14,"stat.craftItem.minecraft.wooden_slab":6,"stat.killEntity.techguns.ZombieFarmer":6,"stat.pickup.quark.tallow":7,"stat.pickup.minecraft.redstone":4,"stat.mineBlock.minecraft.iron_ore":53,"stat.timeSinceDeath":156570,"stat.craftItem.minecraft.acacia_door":3,"stat.useItem.securitycraft.reinforced_cobblestone":4,"stat.pickup.minecraft.stained_hardened_clay":1,"stat.pickup.fossil.plant_fossil":11,"stat.pickup.minecraft.mutton":7,"stat.killEntity.techguns.SkeletonSoldier":1,"stat.craftItem.minecraft.hardened_clay":59,"stat.pickup.harvestcraft.onionitem":15,"stat.useItem.minecraft.potato":13,"stat.useItem.harvestcraft.cornitem":1,"stat.pickup.techguns.basicore":6,"stat.furnaceInteraction":22,"stat.pickup.minecraft.diamond_shovel":1,"stat.pickup.harvestcraft.cornitem":8,"stat.craftItem.quark.sandstone_new":80,"stat.pickup.srparasites.lurecomponent2":1,"stat.mineBlock.minecraft.coal_ore":113,"stat.pickup.srparasites.lurecomponent1":3,"stat.drop.securitycraft.reinforced_stairs_stone":1,"stat.pickup.techguns.t1_combat_helmet":1,"stat.pickup.minecraft.beef":10,"stat.mineBlock.torchmaster.feral_flare_lantern":3,"stat.pickup.spartanshields.shield_basic_diamond":1,"stat.pickup.tombstone.crafting_ingredient":5,"stat.craftItem.minecraft.stone_slab2":0,"stat.mineBlock.harvestcraft.windygarden":13,"stat.pickup.nocubessrparmory.pestilentarmorlegs":1,"stat.craftItem.nocubessrparmory.infestedtoolrod":1,"stat.useItem.harvestcraft.cucumberitem":1,"stat.mineBlock.minecraft.stained_hardened_clay":1,"stat.sprintOneCm":138351,"stat.useItem.minecraft.diamond_shovel":736,"stat.useItem.minecraft.fence":15,"stat.useItem.minecraft.stone_stairs":29,"stat.craftItem.minecraft.stick":20,"stat.craftItem.minecraft.stained_hardened_clay":56,"stat.mineBlock.minecraft.fence":20,"stat.pickup.harvestcraft.barleyitem":20,"stat.useItem.minecraft.wheat_seeds":46,"stat.craftItem.nocubessrparmory.carbonsteel":3,"stat.mineBlock.minecraft.crafting_table":1,"stat.pickup.fossil.relic_scrap":4,"stat.useItem.minecraft.diamond_pickaxe":231,"stat.useItem.minecraft.carrot":8,"stat.useItem.minecraft.dye":8,"stat.pickup.securitycraft.universal_block_reinforcer_lvl2":1,"stat.pickup.harvestcraft.mustardseedsitem":9,"stat.pickup.harvestcraft.pomegranateitem":4,"stat.deaths":4,"stat.drop":6,"stat.pickup.minecraft.egg":1,"stat.pickup.harvestcraft.flaxitem":14,"stat.playOneMinute":171585,"stat.killEntity.Sheep":6,"stat.pickup.techguns.t1_miner_helmet":1,"stat.killEntity.Zombie":2,"stat.craftItem.minecraft.dye":18,"stat.craftItem.securitycraft.universal_block_remover":1,"stat.craftItem.minecraft.clay":59,"stat.mineBlock.minecraft.tallgrass":180,"stat.diveOneCm":102689,"stat.pickup.minecraft.wheat":57,"stat.craftItem.minecraft.sandstone":153,"stat.chestOpened":3,"stat.useItem.minecraft.acacia_fence_gate":1,"stat.craftItem.minecraft.cooked_porkchop":8,"stat.useItem.minecraft.diamond_axe":143,"stat.mineBlock.minecraft.ice":6,"stat.pickup.harvestcraft.chilipepperitem":3,"stat.pickup.minecraft.diamond_sword":1,"stat.craftItem.minecraft.iron_hoe":1,"stat.jump":1552,"stat.useItem.minecraft.sand":1,"stat.pickup.minecraft.fence":19,"stat.pickup.minecraft.coal":116,"stat.fallOneCm":23357,"stat.pickup.minecraft.iron_ingot":36,"stat.mineBlock.fossil.fossil":35,"stat.pickup.minecraft.carrot":15,"stat.useItem.securitycraft.reinforced_stairs_cobblestone":5,"stat.pickup.minecraft.gunpowder":4,"stat.crouchOneCm":58364,"stat.craftItem.minecraft.torch":20,"stat.useItem.harvestcraft.bellpepperitem":6,"stat.pickup.minecraft.dirt":188,"stat.pickup.harvestcraft.bellpepperitem":22,"stat.pickup.cgm.assault_rifle":1,"stat.useItem.minecraft.iron_hoe":134,"stat.useItem.minecraft.cooked_chicken":2,"stat.craftingTableInteraction":39,"stat.pickup.minecraft.iron_ore":53,"stat.useItem.minecraft.sapling":62,"stat.pickup.nocubessrparmory.pestilentarmorhelmet":1,"stat.mineBlock.minecraft.log2":62,"stat.damageTaken":1657,"stat.pickup.minecraft.feather":1,"stat.pickup.minecraft.leather":10,"stat.useItem.harvestcraft.flaxitem":4,"stat.killEntity.techguns.ZombieMiner":9,"stat.mineBlock.minecraft.torch":10,"stat.useItem.minecraft.acacia_door":2,"stat.useItem.quark.spruce_trapdoor":4,"stat.pickup.srparasites.assimilated_flesh":7,"stat.pickup.minecraft.log2":58,"stat.useItem.harvestcraft.mustardseedsitem":1,"stat.pickup.minecraft.planks":128,"stat.pickup.minecraft.bed":2,"tombstone:undead_killed":20,"stat.pickup.minecraft.wheat_seeds":77,"stat.pickup.minecraft.potato":29,"stat.pickup.harvestcraft.oliveitem":2,"stat.pickup.minecraft.diamond_axe":1,"stat.useItem.securitycraft.reinforced_stairs_stone":7,"stat.damageDealt":6861,"stat.craftItem.minecraft.glass":49,"stat.drop.quark.sandstone_new":40,"stat.sleepInBed":3,"stat.craftItem.quark.spruce_trapdoor":6,"stat.killEntity.Cow":6,"stat.mineBlock.minecraft.dirt":194,"stat.killEntity.Pig":4,"stat.entityKilledBy.if_cockatrice":2,"stat.pickup.harvestcraft.elderberryitem":12,"stat.useItem.harvestcraft.onionitem":3,"stat.pickup.techguns.itemshared":5,"stat.walkOneCm":769588,"stat.useItem.minecraft.torch":24,"stat.useItem.quark.custom_chest":12,"stat.animalsBred":11,"stat.pickup.minecraft.diamond_pickaxe":1,"stat.craftItem.quark.custom_chest":16,"stat.craftItem.minecraft.stone_stairs":32,"stat.useItem.minecraft.log":13,"stat.pickup.minecraft.crafting_table":1,"stat.pickup.techguns.t1_miner_boots":1,"stat.pickup.minecraft.clay_ball":248,"stat.useItem.minecraft.cobblestone":449,"stat.mineBlock.techguns.basicore":6,"stat.craftItem.minecraft.crafting_table":4,"stat.mineBlock.minecraft.double_plant":4,"stat.craftItem.futuremc.barrel":1,"stat.pickup.techguns.thompson":1,"stat.useItem.torchmaster.feral_flare_lantern":4,"stat.pickup.minecraft.log":455,"stat.pickup.securitycraft.reinforced_stone":14,"stat.pickup.minecraft.iron_pickaxe":2,"stat.useItem.tombstone.gift":1,"stat.craftItem.nocubessrparmory.rawcarbonsteel":3,"stat.pickup.usefulbackpacks.backpack":1,"stat.craftItem.usefulbackpacks.backpack":1,"stat.useItem.minecraft.spruce_stairs":16,"stat.pickup.minecraft.chicken":2,"stat.pickup.minecraft.baked_potato":128,"stat.pickup.nocubessrparmory.pestilentarmorboots":1,"stat.useItem.minecraft.stained_hardened_clay":1,"stat.pickup.minecraft.sapling":342,"stat.pickup.minecraft.apple":19,"stat.pickup.minecraft.gold_ingot":16,"stat.pickup.harvestcraft.parsnipitem":16,"stat.pickup.harvestcraft.amaranthitem":24,"stat.craftItem.minecraft.bucket":1,"stat.craftItem.minecraft.planks":212,"stat.useItem.harvestcraft.parsnipitem":3,"stat.pickup.harvestcraft.cucumberitem":10,"stat.pickup.harvestcraft.strawberryitem":15,"stat.useItem.securitycraft.universal_block_remover":25,"stat.pickup.minecraft.bread":1,"stat.useItem.hammerx.item.hammer":237,"stat.craftItem.nocubessrparmory.pestilentpart":12,"stat.useItem.quark.sandstone_new":11,"stat.mobKills":68,"stat.mineBlock.minecraft.log":362,"stat.craftItem.minecraft.shears":2,"stat.pickup.fossil.broken_sword":2,"stat.craftItem.minecraft.cooked_chicken":2,"stat.pickup.fossil.skull_block":2,"stat.useItem.carryon.entity_item":8,"stat.pickup.minecraft.diamond":10,"stat.useItem.harvestcraft.elderberryitem":1,"stat.mineBlock.minecraft.leaves":49,"stat.pickup.minecraft.torch":9,"stat.pickup.minecraft.spruce_stairs":1,"stat.sneakTime":9322,"stat.pickup.minecraft.wool":16,"stat.craftItem.minecraft.spruce_stairs":16,"stat.pickup.minecraft.yellow_flower":1,"stat.mineBlock.minecraft.stone":1884,"stat.useItem.minecraft.sandstone":55}