{"stat.leaveGame":13,"stat.useItem.harvestcraft.amaranthitem":14,"stat.entityKilledBy.techguns.ZombieMiner":1,"stat.mineBlock.quark.sandstone_new":11,"stat.pickup.quark.limestone":29,"stat.pickup.tombstone.familiar_stone":1,"stat.mineBlock.minecraft.sandstone":58,"stat.useItem.minecraft.planks":3,"stat.useItem.tombstone.familiar_stone":1,"stat.pickup.firstaid.bandage":32,"stat.mineBlock.minecraft.acacia_fence_gate":3,"stat.useItem.minecraft.fire_charge":3,"stat.pickup.minecraft.porkchop":12,"stat.useItem.minecraft.water_bucket":19,"stat.craftItem.securitycraft.reinforced_stairs_stone":8,"stat.pickup.minecraft.rotten_flesh":6,"stat.pickup.minecraft.sand":601,"stat.pickup.minecraft.hardened_clay":32,"stat.pickup.torchmaster.feral_flare_lantern":16,"stat.pickup.hammerx.item.hammer":1,"stat.pickup.iceandfire.witherbone":1,"stat.pickup.harvestcraft.wintersquashitem":3,"stat.killEntity.if_cockatrice":1,"stat.entityKilledBy.techguns.ZombieSoldier":1,"stat.mineBlock.fossil.iced_stone":3,"stat.mineBlock.minecraft.sand":589,"stat.pickup.securitycraft.reinforced_cobblestone":41,"stat.killEntity.techguns.ZombieFarmer":10,"stat.pickup.quark.tallow":7,"stat.useItem.securitycraft.reinforced_cobblestone":4,"stat.pickup.minecraft.stained_hardened_clay":63,"stat.craftItem.minecraft.hardened_clay":399,"stat.useItem.minecraft.hardened_clay":1,"stat.pickup.harvestcraft.onionitem":16,"stat.pickup.fossil.volcanic_rock":3,"stat.pickup.techguns.basicore":77,"stat.pickup.fossil.bone_unique_item":1,"stat.furnaceInteraction":197,"stat.craftItem.tombstone.crafting_ingredient":1,"stat.pickup.harvestcraft.cornitem":10,"stat.pickup.srparasites.lurecomponent2":1,"stat.pickup.srparasites.lurecomponent1":4,"stat.pickup.minecraft.beef":10,"stat.mineBlock.torchmaster.feral_flare_lantern":6,"stat.pickup.spartanshields.shield_basic_diamond":1,"stat.mineBlock.harvestcraft.windygarden":24,"stat.mineBlock.cgm.workbench":1,"stat.pickup.minecraft.hay_block":3,"stat.pickup.nocubessrparmory.pestilentarmorlegs":1,"stat.mineBlock.minecraft.stained_hardened_clay":63,"stat.craftItem.futuremc.dye":4,"stat.useItem.minecraft.fence":20,"stat.useItem.minecraft.stone_stairs":29,"stat.pickup.cgm.workbench":1,"stat.mineBlock.minecraft.fence":27,"stat.entityKilledBy.quark:pirate":1,"stat.useItem.minecraft.wheat_seeds":46,"stat.useItem.minecraft.dye":8,"stat.pickup.securitycraft.universal_block_reinforcer_lvl2":1,"stat.drop.quark.root_flower":1,"stat.pickup.harvestcraft.pomegranateitem":4,"stat.deaths":13,"stat.craftItem.futuremc.blast_furnace":2,"stat.pickup.minecraft.egg":1,"stat.playOneMinute":487987,"stat.pickup.techguns.t1_miner_helmet":1,"stat.useItem.overlast.dumpling":10,"stat.mineBlock.minecraft.tallgrass":187,"stat.chestOpened":325,"stat.drop.quark.custom_chest":6,"stat.craftItem.futuremc.smoker":1,"stat.useItem.securitycraft.reinforced_sandstone":6,"stat.useItem.minecraft.stone":24,"stat.pickup.minecraft.arrow":21,"stat.pickup.minecraft.iron_sword":1,"stat.useItem.minecraft.acacia_fence_gate":1,"stat.pickup.techguns.t1_combat_leggings":1,"stat.mineBlock.minecraft.ice":6,"stat.pickup.minecraft.acacia_fence_gate":3,"stat.pickup.harvestcraft.chilipepperitem":4,"stat.craftItem.minecraft.iron_hoe":1,"stat.craftItem.minecraft.iron_nugget":27,"stat.fallOneCm":51031,"stat.pickup.minecraft.carrot":51,"stat.craftItem.tombstone.dark_marble":10,"stat.useItem.securitycraft.reinforced_stairs_cobblestone":5,"stat.crouchOneCm":100780,"stat.mineBlock.minecraft.chest":3,"stat.craftItem.minecraft.iron_ingot":105,"stat.craftItem.minecraft.chest":89,"stat.useItem.harvestcraft.bellpepperitem":6,"stat.pickup.cgm.assault_rifle":1,"stat.useItem.minecraft.iron_hoe":134,"stat.craftingTableInteraction":101,"stat.pickup.iceandfire.silver_ore":5,"stat.pickup.fossil.bone_ribcage":1,"stat.mineBlock.minecraft.log2":62,"stat.mineBlock.quark.limestone":39,"stat.pickup.minecraft.feather":2,"stat.killEntity.techguns.ZombieMiner":15,"stat.useItem.minecraft.furnace":11,"stat.pickup.minecraft.dye":77,"stat.pickup.minecraft.planks":133,"stat.pickup.minecraft.wheat_seeds":153,"stat.pickup.harvestcraft.oliveitem":2,"stat.mineBlock.minecraft.gravel":25,"stat.useItem.securitycraft.reinforced_stairs_stone":7,"stat.drop.quark.sandstone_new":40,"stat.mineBlock.fossil.volcanic_rock":6,"stat.mineBlock.minecraft.dirt":285,"stat.pickup.minecraft.poisonous_potato":1,"stat.useItem.minecraft.torch":78,"stat.craftItem.harvestcraft.stockitem":162,"stat.mineBlock.iceandfire.silver_ore":5,"stat.craftItem.minecraft.stone_stairs":32,"stat.useItem.minecraft.log":71,"stat.pickup.minecraft.crafting_table":2,"stat.useItem.minecraft.cobblestone":678,"stat.mineBlock.techguns.basicore":76,"stat.craftItem.minecraft.crafting_table":8,"stat.mineBlock.minecraft.double_plant":4,"stat.craftItem.futuremc.barrel":25,"stat.mineBlock.quark.stone_speleothem":2,"stat.useItem.torchmaster.feral_flare_lantern":8,"stat.pickup.minecraft.log":457,"stat.pickup.securitycraft.reinforced_stone":725,"stat.pickup.minecraft.compass":1,"stat.pickup.minecraft.iron_pickaxe":2,"stat.craftItem.nocubessrparmory.rawcarbonsteel":3,"stat.pickup.usefulbackpacks.backpack":1,"stat.craftItem.usefulbackpacks.backpack":1,"stat.craftItem.minecraft.gold_ingot":1,"stat.pickup.minecraft.chicken":2,"stat.pickup.nocubessrparmory.pestilentarmorboots":1,"stat.pickup.minecraft.sapling":343,"stat.pickup.minecraft.apple":22,"stat.pickup.harvestcraft.parsnipitem":17,"stat.craftItem.minecraft.bucket":1,"stat.craftItem.minecraft.planks":1292,"stat.pickup.securitycraft.reinforced_stairs_spruce":4,"stat.useItem.securitycraft.universal_block_remover":562,"stat.useItem.quark.sandstone_new":11,"stat.useItem.minecraft.stonebrick":8,"stat.mineBlock.minecraft.log":362,"stat.craftItem.minecraft.cooked_chicken":2,"stat.useItem.carryon.entity_item":8,"stat.drop.harvestcraft.flaxitem":2,"stat.useItem.harvestcraft.elderberryitem":1,"stat.craftItem.nocubessrparmory.twistedbow":1,"stat.sneakTime":25444,"stat.pickup.minecraft.wool":16,"stat.pickup.minecraft.yellow_flower":1,"stat.pickup.quark.pirate_hat":1,"stat.pickup.minecraft.chest":3,"stat.pickup.securitycraft.reinforced_sand":19,"stat.pickup.minecraft.bone":40,"stat.pickup.fossil.biofossil":9,"stat.mineBlock.minecraft.cobblestone":98,"stat.pickup.minecraft.flint":2,"stat.mineBlock.srparasites.gore":12,"stat.craftItem.minecraft.acacia_fence_gate":3,"stat.mineBlock.minecraft.concrete":3,"stat.useItem.minecraft.diamond_sword":305,"stat.mineBlock.charm.crate_sealed":2,"stat.swimOneCm":64270,"stat.useItem.minecraft.concrete_powder":3,"stat.pickup.harvestcraft.artichokeitem":2,"stat.climbOneCm":2818,"stat.mineBlock.minecraft.spruce_stairs":5,"stat.killEntity.techguns.ZombieSoldier":5,"stat.useItem.harvestcraft.strawberryitem":5,"stat.mineBlock.quark.roots":1,"stat.pickup.nocubessrparmory.pestilentarmorbody":1,"stat.useItem.minecraft.dirt":212,"stat.useItem.minecraft.stone_slab2":160,"stat.pickup.minecraft.bow":2,"stat.useItem.harvestcraft.barleyitem":5,"stat.craftItem.minecraft.furnace":19,"stat.pickup.securitycraft.reinforced_stairs_cobblestone":6,"stat.useItem.minecraft.egg":1,"stat.useItem.minecraft.iron_ore":1,"stat.pickup.quark.sandstone_new":11,"stat.craftItem.futuremc.smooth_stone":9,"stat.mineBlock.minecraft.obsidian":15,"stat.pickup.minecraft.cobblestone":4775,"stat.drop.minecraft.fence":1,"stat.craftItem.securitycraft.reinforced_stone_brick":280,"stat.mineBlock.minecraft.clay":444,"stat.flyOneCm":755300,"stat.pickup.minecraft.sandstone":60,"stat.mineBlock.quark.custom_chest":6,"stat.pickup.minecraft.fish":2,"stat.drop.minecraft.wheat_seeds":20,"stat.craftItem.minecraft.wooden_slab":84,"stat.pickup.minecraft.redstone":59,"stat.mineBlock.minecraft.iron_ore":154,"stat.timeSinceDeath":74230,"stat.craftItem.minecraft.acacia_door":3,"stat.pickup.fossil.plant_fossil":17,"stat.pickup.minecraft.mutton":7,"stat.craftItem.minecraft.iron_block":7,"stat.killEntity.techguns.SkeletonSoldier":4,"stat.craftItem.minecraft.stonebrick":16,"stat.useItem.minecraft.potato":13,"stat.pickup.cgm.basic_ammo":96,"stat.useItem.harvestcraft.cornitem":1,"stat.craftItem.minecraft.concrete_powder":8,"stat.pickup.minecraft.diamond_shovel":1,"stat.craftItem.quark.sandstone_new":80,"stat.mineBlock.minecraft.coal_ore":321,"stat.drop.securitycraft.reinforced_stairs_stone":1,"stat.killEntity.Creeper":2,"stat.pickup.techguns.t1_combat_helmet":2,"stat.pickup.minecraft.string":12,"stat.pickup.tombstone.crafting_ingredient":14,"stat.entityKilledBy.Skeleton":1,"stat.craftItem.minecraft.stone_slab2":0,"stat.craftItem.nocubessrparmory.infestedtoolrod":1,"stat.useItem.harvestcraft.cucumberitem":1,"stat.killEntity.Squid":1,"stat.sprintOneCm":385167,"stat.useItem.minecraft.diamond_shovel":1313,"stat.pickup.minecraft.paper":9,"stat.craftItem.minecraft.stick":44,"stat.craftItem.minecraft.stained_hardened_clay":392,"stat.craftItem.minecraft.stone":297,"stat.mineBlock.minecraft.diamond_ore":38,"stat.pickup.harvestcraft.barleyitem":20,"stat.craftItem.nocubessrparmory.carbonsteel":3,"stat.mineBlock.minecraft.crafting_table":2,"stat.pickup.fossil.relic_scrap":10,"stat.useItem.minecraft.diamond_pickaxe":875,"stat.pickup.cgm.grenade":10,"stat.useItem.minecraft.carrot":8,"stat.pickup.overlast.dumpling":10,"stat.pickup.harvestcraft.mustardseedsitem":11,"stat.mineBlock.minecraft.planks":7,"stat.drop":10,"stat.pickup.harvestcraft.flaxitem":16,"stat.craftItem.harvestcraft.potitem":1,"stat.killEntity.Sheep":6,"stat.killEntity.Zombie":7,"stat.craftItem.minecraft.dye":66,"stat.craftItem.securitycraft.universal_block_remover":2,"stat.craftItem.minecraft.clay":399,"stat.craftItem.harvestcraft.gravyitem":65,"stat.mineBlock.minecraft.gold_ore":28,"stat.diveOneCm":298201,"stat.pickup.minecraft.wheat":128,"stat.craftItem.minecraft.sandstone":153,"stat.craftItem.tombstone.tablet_of_recall":1,"stat.pickup.minecraft.gravel":22,"stat.craftItem.minecraft.cooked_porkchop":8,"stat.useItem.minecraft.diamond_axe":178,"stat.craftItem.tombstone.decorative_grave_simple":1,"stat.pickup.minecraft.obsidian":14,"stat.pickup.minecraft.diamond_sword":1,"stat.jump":3675,"stat.useItem.minecraft.sand":12,"stat.pickup.minecraft.fence":26,"stat.pickup.minecraft.coal":349,"stat.pickup.minecraft.iron_ingot":36,"stat.mineBlock.fossil.fossil":69,"stat.pickup.minecraft.gunpowder":11,"stat.pickup.harvestcraft.peanutitem":1,"stat.pickup.minecraft.spider_eye":2,"stat.craftItem.minecraft.torch":88,"stat.pickup.minecraft.dirt":309,"stat.craftItem.nocubessrparmory.twistedpart":4,"stat.pickup.harvestcraft.bellpepperitem":24,"stat.mineBlock.quark.spruce_trapdoor":1,"stat.craftItem.tombstone.decorative_tombstone":1,"stat.useItem.minecraft.cooked_chicken":2,"stat.pickup.minecraft.iron_ore":154,"stat.useItem.minecraft.glass":28,"stat.useItem.minecraft.sapling":62,"stat.pickup.minecraft.gold_ore":28,"stat.mineBlock.minecraft.lapis_ore":15,"stat.pickup.nocubessrparmory.pestilentarmorhelmet":1,"stat.pickup.quark.custom_chest":6,"stat.damageTaken":3926,"stat.pickup.minecraft.leather":10,"stat.useItem.harvestcraft.flaxitem":4,"stat.mineBlock.minecraft.torch":23,"stat.dispenserInspected":14,"stat.useItem.minecraft.acacia_door":2,"stat.useItem.quark.spruce_trapdoor":43,"stat.pickup.srparasites.assimilated_flesh":7,"stat.useItem.securitycraft.reinforced_stone":422,"stat.pickup.minecraft.log2":58,"stat.useItem.harvestcraft.mustardseedsitem":1,"stat.craftItem.cgm.workbench":1,"stat.killEntity.CaveSpider":4,"stat.pickup.minecraft.bed":4,"tombstone:undead_killed":57,"stat.pickup.minecraft.concrete":3,"stat.pickup.minecraft.potato":70,"stat.pickup.minecraft.diamond_axe":2,"stat.damageDealt":14624,"stat.craftItem.minecraft.glass":49,"stat.sleepInBed":10,"stat.craftItem.minecraft.anvil":1,"stat.craftItem.minecraft.baked_potato":21,"stat.craftItem.quark.spruce_trapdoor":48,"stat.pickup.harvestcraft.lettuceitem":3,"stat.killEntity.Cow":6,"stat.useItem.futuremc.barrel":20,"stat.useItem.minecraft.crafting_table":2,"stat.killEntity.Pig":4,"stat.entityKilledBy.if_cockatrice":2,"stat.pickup.harvestcraft.elderberryitem":16,"stat.useItem.harvestcraft.onionitem":3,"stat.pickup.techguns.itemshared":6,"stat.walkOneCm":2115567,"stat.useItem.futuremc.blast_furnace":1,"stat.useItem.quark.custom_chest":12,"stat.animalsBred":11,"stat.useItem.minecraft.chest":73,"stat.pickup.minecraft.diamond_pickaxe":1,"stat.craftItem.quark.custom_chest":16,"stat.pickup.techguns.t1_miner_boots":2,"stat.pickup.minecraft.clay_ball":1770,"stat.craftItem.harvestcraft.flouritem":65,"stat.pickup.securitycraft.reinforced_stone_brick":1,"stat.pickup.techguns.thompson":1,"stat.craftItem.harvestcraft.mortarandpestleitem":1,"stat.craftItem.minecraft.wheat":27,"stat.useItem.securitycraft.reinforced_stone_brick":275,"stat.pickup.quark.root_flower":4,"stat.useItem.tombstone.gift":3,"stat.killEntity.quark:pirate":12,"stat.useItem.minecraft.spruce_stairs":48,"stat.pickup.minecraft.baked_potato":128,"stat.pickup.securitycraft.reinforced_sandstone":13,"stat.useItem.minecraft.stained_hardened_clay":402,"stat.pickup.minecraft.gold_ingot":16,"stat.killEntity.Skeleton":4,"stat.pickup.securitycraft.reinforced_clay":1,"stat.pickup.harvestcraft.amaranthitem":82,"stat.craftItem.techguns.itemshared":2,"stat.useItem.harvestcraft.parsnipitem":3,"stat.pickup.harvestcraft.cucumberitem":14,"stat.pickup.harvestcraft.strawberryitem":15,"stat.pickup.minecraft.bread":3,"stat.useItem.hammerx.item.hammer":707,"stat.craftItem.nocubessrparmory.pestilentpart":12,"stat.mobKills":129,"stat.craftItem.minecraft.shears":3,"stat.pickup.fossil.broken_sword":3,"stat.pickup.fossil.skull_block":3,"stat.pickup.quark.spruce_trapdoor":1,"stat.pickup.minecraft.diamond":48,"stat.mineBlock.minecraft.leaves":49,"stat.pickup.minecraft.torch":26,"stat.pickup.minecraft.spruce_stairs":5,"stat.mineBlock.minecraft.redstone_ore":12,"stat.craftItem.minecraft.spruce_stairs":64,"stat.craftItem.minecraft.brick":15,"stat.mineBlock.minecraft.stone":5164,"stat.useItem.minecraft.sandstone":60}