{"stat.pickup.techguns.itemshared":2,"stat.walkOneCm":94850,"stat.useItem.minecraft.torch":2,"stat.useItem.quark.custom_chest":3,"stat.pickup.minecraft.diamond_pickaxe":1,"stat.craftItem.quark.custom_chest":4,"stat.pickup.techguns.t1_miner_boots":1,"stat.useItem.minecraft.diamond_axe":3,"stat.craftItem.minecraft.crafting_table":1,"stat.furnaceInteraction":3,"stat.pickup.minecraft.diamond_shovel":1,"stat.mineBlock.minecraft.coal_ore":6,"stat.pickup.techguns.thompson":1,"stat.useItem.minecraft.diamond_sword":3,"stat.mineBlock.minecraft.sandstone":6,"stat.useItem.torchmaster.feral_flare_lantern":4,"stat.pickup.minecraft.log":5,"stat.pickup.minecraft.diamond_sword":1,"stat.jump":466,"stat.swimOneCm":6096,"stat.pickup.minecraft.coal":6,"stat.fallOneCm":9652,"stat.pickup.minecraft.iron_ingot":34,"stat.useItem.tombstone.gift":1,"stat.pickup.spartanshields.shield_basic_diamond":1,"stat.pickup.firstaid.bandage":16,"stat.pickup.usefulbackpacks.backpack":1,"stat.craftItem.minecraft.stone_slab2":0,"stat.pickup.nocubessrparmory.pestilentarmorlegs":1,"stat.pickup.minecraft.baked_potato":128,"stat.pickup.minecraft.chicken":2,"stat.crouchOneCm":1439,"stat.pickup.nocubessrparmory.pestilentarmorbody":1,"stat.pickup.nocubessrparmory.pestilentarmorboots":1,"stat.craftItem.minecraft.torch":12,"stat.pickup.minecraft.sapling":2,"stat.pickup.minecraft.dirt":30,"stat.useItem.minecraft.dirt":5,"stat.sprintOneCm":32388,"stat.useItem.minecraft.diamond_shovel":29,"stat.useItem.minecraft.stone_slab2":8,"stat.pickup.cgm.assault_rifle":1,"stat.craftItem.minecraft.stick":16,"stat.useItem.minecraft.cooked_chicken":2,"stat.pickup.minecraft.gold_ingot":16,"stat.craftingTableInteraction":5,"stat.pickup.minecraft.sand":6,"stat.craftItem.minecraft.furnace":1,"stat.pickup.nocubessrparmory.pestilentarmorhelmet":1,"stat.pickup.torchmaster.feral_flare_lantern":10,"stat.craftItem.minecraft.planks":68,"stat.pickup.hammerx.item.hammer":1,"stat.mineBlock.minecraft.log2":19,"stat.damageTaken":1250,"stat.pickup.iceandfire.witherbone":1,"stat.pickup.minecraft.feather":1,"stat.useItem.minecraft.diamond_pickaxe":23,"stat.killEntity.techguns.ZombieMiner":2,"stat.useItem.hammerx.item.hammer":9,"stat.useItem.minecraft.acacia_door":2,"stat.mobKills":4,"stat.pickup.minecraft.cobblestone":73,"stat.pickup.minecraft.log2":17,"stat.mineBlock.minecraft.log":5,"stat.pickup.securitycraft.universal_block_reinforcer_lvl2":1,"stat.killEntity.if_cockatrice":1,"stat.craftItem.minecraft.cooked_chicken":2,"stat.entityKilledBy.techguns.ZombieSoldier":1,"stat.flyOneCm":267479,"stat.pickup.minecraft.bed":2,"stat.deaths":4,"stat.pickup.minecraft.sandstone":6,"tombstone:undead_killed":2,"stat.pickup.minecraft.diamond":10,"stat.mineBlock.minecraft.sand":6,"stat.playOneMinute":26753,"stat.pickup.minecraft.diamond_axe":1,"stat.killEntity.Sheep":1,"stat.sneakTime":1281,"stat.damageDealt":214,"stat.pickup.minecraft.redstone":1,"stat.timeSinceDeath":11738,"stat.craftItem.minecraft.acacia_door":3,"stat.mineBlock.minecraft.dirt":33,"stat.mineBlock.minecraft.stone":73,"stat.entityKilledBy.if_cockatrice":2,"stat.mineBlock.minecraft.tallgrass":1,"stat.diveOneCm":10264}