{"stat.drop.minecraft.waterlily":10,"stat.leaveGame":6,"stat.useItem.minecraft.bookshelf":1,"stat.entityKilledBy.techguns.ZombieMiner":1,"stat.entityKilledBy.fossil.tarslime":1,"stat.pickup.securitycraft.reinforced_stained_glass":1,"stat.killEntity.futuremc:cod":1,"stat.mineBlock.minecraft.web":14,"stat.craftItem.harvestcraft.calamaricookeditem":10,"stat.pickup.firstaid.bandage":50,"stat.pickup.minecraft.porkchop":18,"stat.pickup.harvestcraft.calamarirawitem":10,"stat.useItem.minecraft.water_bucket":6,"stat.pickup.minecraft.rotten_flesh":7,"stat.pickup.minecraft.sand":350,"stat.craftItem.minecraft.golden_apple":2,"stat.craftItem.nocubessrparmory.twistedarmorboots":1,"stat.pickup.minecraft.brick_block":2,"stat.mineBlock.nocubessrpnests.nestegg":2,"stat.craftItem.spartanshields.shield_basic_diamond":1,"stat.pickup.harvestcraft.wintersquashitem":1,"stat.pickup.minecraft.leather_boots":1,"stat.entityKilledBy.techguns.ZombieSoldier":2,"stat.mineBlock.fossil.iced_stone":4,"stat.craftItem.minecraft.iron_shovel":1,"stat.entityKilledBy.firedragon":1,"stat.pickup.minecraft.brown_mushroom":2,"stat.mineBlock.minecraft.sand":352,"stat.pickup.techguns.ak47":1,"stat.killEntity.techguns.ZombieFarmer":3,"stat.pickup.quark.tallow":18,"stat.craftItem.spartanshields.shield_basic_wood":1,"stat.craftItem.nocubessrparmory.pestilentarmorlegs":1,"stat.useItem.minecraft.iron_pickaxe":502,"stat.craftItem.minecraft.wooden_pickaxe":1,"stat.useItem.minecraft.iron_shovel":256,"stat.mineBlock.minecraft.brick_block":6,"stat.craftItem.minecraft.bed":1,"stat.craftItem.minecraft.glass_pane":16,"stat.pickup.fossil.volcanic_rock":11,"stat.pickup.techguns.basicore":15,"stat.furnaceInteraction":169,"stat.craftItem.spartanweaponry.material":1,"stat.pickup.harvestcraft.cornitem":1,"stat.pickup.srparasites.lurecomponent1":6,"stat.craftItem.hammerx.item.hammer":1,"stat.pickup.minecraft.beef":17,"stat.pickup.minecraft.furnace":2,"stat.useItem.minecraft.cooked_mutton":10,"stat.mineBlock.harvestcraft.windygarden":7,"stat.pickup.minecraft.hay_block":12,"stat.pickup.minecraft.leather_helmet":2,"stat.pickup.minecraft.iron_chestplate":1,"stat.pickup.tombstone.magic_scroll":1,"stat.pickup.mca.rose_gold_ore":2,"stat.useItem.minecraft.dark_oak_door":5,"stat.useItem.minecraft.flint_and_steel":1,"stat.useItem.minecraft.wheat_seeds":14,"stat.craftItem.securitycraft.laser_block":2,"stat.useItem.minecraft.dye":35,"stat.deaths":13,"stat.drop.spartanweaponry.hammer_stone":1,"stat.playOneMinute":271510,"stat.pickup.techguns.handcannon":1,"stat.craftItem.minecraft.iron_pickaxe":2,"stat.craftItem.minecraft.diamond_block":6,"stat.useItem.overlast.dumpling":7,"stat.pickup.minecraft.item_frame":2,"stat.drop.minecraft.iron_ingot":13,"stat.mineBlock.minecraft.tallgrass":30,"stat.craftItem.minecraft.cooked_mutton":19,"stat.pickup.minecraft.cooked_mutton":1,"stat.chestOpened":25,"stat.pickup.minecraft.waterlily":12,"stat.pickup.minecraft.arrow":3,"stat.mineBlock.minecraft.ice":11,"stat.pickup.harvestcraft.chilipepperitem":1,"stat.craftItem.minecraft.iron_nugget":9,"stat.fallOneCm":41629,"stat.pickup.minecraft.carrot":16,"stat.crouchOneCm":31053,"stat.craftItem.minecraft.diamond":9,"stat.entityKilledBy.techguns.Bandit":3,"stat.craftItem.minecraft.iron_ingot":53,"stat.craftingTableInteraction":66,"stat.pickup.iceandfire.silver_ore":5,"stat.drop.quark.tallow":7,"stat.mineBlock.minecraft.log2":47,"stat.killEntity.techguns.Bandit":3,"stat.mineBlock.fossil.figurine":1,"stat.killEntity.techguns.ZombieMiner":8,"stat.useItem.minecraft.furnace":5,"stat.craftItem.mca.rose_gold_ingot":1,"stat.pickup.minecraft.dye":14,"stat.craftItem.minecraft.diamond_shovel":2,"stat.pickup.minecraft.wheat_seeds":117,"stat.pickup.techguns.t1_miner_chestplate":1,"stat.mineBlock.minecraft.gravel":17,"stat.useItem.minecraft.stone_pickaxe":132,"stat.useItem.minecraft.stone_sword":82,"stat.mineBlock.fossil.volcanic_rock":12,"stat.mineBlock.minecraft.dirt":415,"stat.pickup.minecraft.poisonous_potato":3,"stat.useItem.minecraft.torch":70,"stat.mineBlock.iceandfire.silver_ore":5,"stat.craftItem.minecraft.redstone_block":16,"stat.pickup.minecraft.crafting_table":3,"stat.useItem.minecraft.cobblestone":92,"stat.mineBlock.techguns.basicore":15,"stat.craftItem.minecraft.crafting_table":7,"stat.useItem.minecraft.gravel":4,"stat.mineBlock.minecraft.double_plant":1,"stat.craftItem.firstaid.bandage":2,"stat.pickup.minecraft.log":14,"stat.pickup.fossil.analyzer":1,"stat.pickup.usefulbackpacks.backpack":1,"stat.craftItem.usefulbackpacks.backpack":2,"stat.craftItem.minecraft.gold_ingot":16,"stat.drop.minecraft.sapling":4,"stat.craftItem.quark.custom_bookshelf":4,"stat.pickup.minecraft.sapling":13,"stat.craftItem.nocubessrparmory.twistedarmorhelmet":1,"stat.pickup.minecraft.apple":7,"stat.mineBlock.overlast.red_leaves":2,"stat.pickup.minecraft.beetroot":11,"stat.pickup.harvestcraft.parsnipitem":1,"stat.craftItem.minecraft.bucket":1,"stat.craftItem.minecraft.planks":216,"stat.pickup.minecraft.book":16,"stat.mineBlock.minecraft.log":20,"stat.mineBlock.minecraft.waterlily":1,"stat.useItem.minecraft.stone_hoe":233,"stat.pickup.minecraft.red_flower":17,"stat.pickup.mutantbeasts.mutant_skeleton_limb":1,"stat.sneakTime":10390,"stat.pickup.minecraft.wool":21,"stat.drop.firstaid.bandage":2,"stat.useItem.minecraft.baked_potato":29,"stat.useItem.minecraft.wooden_axe":3,"stat.pickup.minecraft.yellow_flower":1,"stat.mineBlock.fossil.analyzer":1,"stat.craftItem.nocubessrparmory.pestilentarmorbody":1,"stat.craftItem.minecraft.enchanting_table":1,"stat.useItem.minecraft.web":13,"stat.craftItem.minecraft.diamond_chestplate":1,"stat.pickup.minecraft.bone":6,"stat.craftItem.nocubessrparmory.pestilentarmorhelmet":1,"stat.craftItem.minecraft.diamond_leggings":1,"stat.pickup.fossil.biofossil":3,"stat.mineBlock.minecraft.cobblestone":10,"stat.pickup.minecraft.flint":3,"stat.mineBlock.srparasites.gore":3,"stat.pickup.fossil.figurine":1,"stat.pickup.minecraft.flower_pot":1,"stat.useItem.minecraft.diamond_sword":161,"stat.craftItem.minecraft.diamond_helmet":1,"stat.swimOneCm":42749,"stat.pickup.quark.glass_shards":2,"stat.climbOneCm":2575,"stat.pickup.harvestcraft.artichokeitem":1,"stat.pickup.minecraft.cooked_porkchop":3,"stat.killEntity.techguns.ZombieSoldier":9,"stat.mineBlock.quark.roots":1,"stat.drop.minecraft.brown_mushroom":2,"stat.useItem.minecraft.obsidian":11,"stat.useItem.minecraft.dirt":325,"stat.useItem.minecraft.stone_slab2":68,"stat.craftItem.minecraft.dark_oak_door":6,"stat.craftItem.minecraft.furnace":6,"stat.pickup.securitycraft.reinforced_metals":2,"stat.pickup.fossil.worktable":1,"stat.craftItem.minecraft.iron_boots":1,"stat.craftItem.minecraft.stone_pickaxe":1,"stat.craftItem.minecraft.cooked_beef":4,"stat.mineBlock.minecraft.obsidian":1,"stat.pickup.minecraft.cobblestone":1938,"stat.flyOneCm":707647,"stat.mineBlock.quark.custom_chest":2,"stat.pickup.minecraft.fish":1,"stat.drop.minecraft.wheat_seeds":1,"stat.useItem.minecraft.cooked_beef":4,"stat.craftItem.minecraft.stained_glass":8,"stat.pickup.minecraft.redstone":134,"stat.mineBlock.minecraft.iron_ore":63,"stat.timeSinceDeath":17765,"stat.drop.minecraft.log":1,"stat.pickup.fossil.plant_fossil":1,"stat.pickup.minecraft.mutton":23,"stat.craftItem.minecraft.iron_block":1,"stat.killEntity.techguns.SkeletonSoldier":2,"stat.useItem.minecraft.potato":110,"stat.pickup.minecraft.dark_oak_door":1,"stat.drop.minecraft.dirt":1,"stat.useItem.minecraft.cooked_porkchop":8,"stat.mineBlock.minecraft.coal_ore":136,"stat.killEntity.Creeper":1,"stat.talkedToVillager":1,"stat.craftItem.minecraft.stone_hoe":2,"stat.pickup.techguns.t1_combat_helmet":1,"stat.pickup.minecraft.string":15,"stat.pickup.tombstone.crafting_ingredient":2,"stat.craftItem.minecraft.stone_slab2":0,"stat.killEntity.Squid":7,"stat.useItem.spartanweaponry.hammer_stone":3,"stat.sprintOneCm":303340,"stat.useItem.minecraft.diamond_shovel":444,"stat.craftItem.minecraft.stick":60,"stat.drop.minecraft.stone_hoe":1,"stat.craftItem.minecraft.stone":35,"stat.mineBlock.minecraft.diamond_ore":93,"stat.pickup.harvestcraft.barleyitem":3,"stat.pickup.nocubessrpnests.organicsample":2,"stat.mineBlock.minecraft.crafting_table":3,"stat.pickup.fossil.relic_scrap":4,"stat.useItem.minecraft.diamond_pickaxe":367,"stat.pickup.overlast.dumpling":32,"stat.pickup.harvestcraft.mustardseedsitem":1,"stat.drop":36,"stat.pickup.harvestcraft.flaxitem":1,"stat.killEntity.Sheep":14,"stat.craftItem.minecraft.diamond_pickaxe":1,"stat.killEntity.Zombie":3,"stat.pickup.minecraft.snowball":7,"stat.craftItem.minecraft.dye":39,"stat.craftItem.minecraft.diamond_axe":1,"stat.mineBlock.minecraft.gold_ore":19,"stat.diveOneCm":56091,"stat.pickup.minecraft.wheat":52,"stat.pickup.fossil.stone_tablet":1,"stat.drop.harvestcraft.cornitem":1,"stat.pickup.minecraft.gravel":14,"stat.craftItem.minecraft.cooked_porkchop":5,"stat.useItem.minecraft.diamond_axe":7,"stat.useItem.minecraft.apple":3,"stat.pickup.minecraft.obsidian":1,"stat.craftItem.minecraft.diamond_sword":1,"stat.jump":2693,"stat.useItem.minecraft.sand":7,"stat.pickup.minecraft.coal":133,"stat.pickup.minecraft.iron_ingot":4,"stat.mineBlock.fossil.fossil":14,"stat.useItem.minecraft.stone_axe":23,"stat.pickup.minecraft.gunpowder":12,"stat.pickup.harvestcraft.peanutitem":1,"stat.craftItem.minecraft.torch":116,"stat.pickup.minecraft.dirt":420,"stat.craftItem.nocubessrparmory.twistedpart":12,"stat.pickup.minecraft.iron_ore":63,"stat.useItem.minecraft.glass":73,"stat.mineBlock.mca.rose_gold_ore":1,"stat.mineBlock.fossil.sifter":1,"stat.pickup.minecraft.gold_ore":16,"stat.craftItem.minecraft.flint_and_steel":1,"stat.pickup.quark.custom_chest":2,"stat.mineBlock.minecraft.glass_pane":1,"stat.damageTaken":4738,"stat.pickup.minecraft.leather":10,"stat.mineBlock.minecraft.furnace":2,"stat.mineBlock.minecraft.torch":11,"stat.useItem.minecraft.wooden_pickaxe":7,"stat.pickup.srparasites.assimilated_flesh":19,"stat.pickup.minecraft.log2":41,"stat.craftItem.spartanweaponry.hammer_stone":1,"stat.pickup.minecraft.bed":1,"tombstone:undead_killed":26,"stat.pickup.fossil.sifter":1,"stat.pickup.minecraft.potato":179,"stat.damageDealt":10653,"stat.craftItem.minecraft.glass":322,"stat.sleepInBed":10,"stat.craftItem.minecraft.baked_potato":61,"stat.killEntity.Cow":8,"stat.mineBlock.quark.roots_blue_flower":1,"stat.killEntity.Pig":9,"stat.pickup.harvestcraft.elderberryitem":2,"stat.craftItem.securitycraft.universal_block_reinforcer_lvl2":1,"stat.craftItem.securitycraft.universal_block_reinforcer_lvl1":1,"stat.pickup.techguns.itemshared":11,"stat.walkOneCm":798599,"stat.useItem.quark.custom_chest":12,"stat.drop.minecraft.wheat":4,"stat.pickup.minecraft.diamond_pickaxe":1,"stat.craftItem.quark.custom_chest":8,"stat.pickup.techguns.t1_miner_boots":1,"stat.drop.techguns.t1_miner_chestplate":1,"stat.pickup.techguns.thompson":1,"stat.drop.techguns.t1_miner_boots":1,"stat.useItem.fossil.figurine":1,"stat.pickup.quark.root_flower":1,"stat.useItem.tombstone.gift":2,"stat.drop.minecraft.iron_chestplate":1,"stat.craftItem.minecraft.iron_chestplate":1,"stat.useItem.quark.custom_bookshelf":3,"stat.pickup.minecraft.ladder":1,"stat.killEntity.Skeleton":1,"stat.craftItem.minecraft.bookshelf":2,"stat.pickup.harvestcraft.amaranthitem":1,"stat.craftItem.techguns.itemshared":7,"stat.mineBlock.minecraft.stonebrick":5,"stat.pickup.harvestcraft.cucumberitem":1,"stat.killEntity.Spider":1,"stat.pickup.harvestcraft.strawberryitem":1,"stat.useItem.hammerx.item.hammer":174,"stat.craftItem.nocubessrparmory.pestilentpart":18,"stat.mobKills":109,"stat.mineBlock.minecraft.bookshelf":5,"stat.craftItem.minecraft.shears":1,"stat.mineBlock.fossil.worktable":1,"stat.pickup.minecraft.diamond":92,"stat.pickup.minecraft.beetroot_seeds":34,"stat.pickup.minecraft.torch":13,"stat.mineBlock.minecraft.redstone_ore":28,"stat.mineBlock.minecraft.hay_block":12,"stat.drop.mutantbeasts.mutant_skeleton_limb":1,"stat.mineBlock.minecraft.stone":1962}