{"stat.pickup.fossil.biofossil":1,"stat.leaveGame":1,"stat.useItem.harvestcraft.amaranthitem":6,"stat.mineBlock.minecraft.cobblestone":2,"stat.mineBlock.quark.sandstone_new":11,"stat.craftItem.minecraft.acacia_fence_gate":3,"stat.useItem.minecraft.diamond_sword":73,"stat.mineBlock.minecraft.sandstone":8,"stat.swimOneCm":16851,"stat.pickup.firstaid.bandage":16,"stat.killEntity.techguns.ZombieSoldier":1,"stat.pickup.minecraft.porkchop":12,"stat.useItem.harvestcraft.strawberryitem":5,"stat.pickup.nocubessrparmory.pestilentarmorbody":1,"stat.useItem.minecraft.dirt":169,"stat.useItem.minecraft.stone_slab2":62,"stat.useItem.harvestcraft.barleyitem":4,"stat.useItem.minecraft.water_bucket":8,"stat.pickup.minecraft.sand":425,"stat.craftItem.minecraft.furnace":1,"stat.pickup.torchmaster.feral_flare_lantern":12,"stat.pickup.securitycraft.reinforced_stairs_cobblestone":6,"stat.useItem.minecraft.egg":1,"stat.pickup.hammerx.item.hammer":1,"stat.pickup.iceandfire.witherbone":1,"stat.useItem.minecraft.iron_ore":1,"stat.pickup.quark.sandstone_new":11,"stat.pickup.harvestcraft.wintersquashitem":1,"stat.pickup.minecraft.cobblestone":465,"stat.drop.minecraft.fence":1,"stat.killEntity.if_cockatrice":1,"stat.entityKilledBy.techguns.ZombieSoldier":1,"stat.flyOneCm":373677,"stat.pickup.minecraft.sandstone":8,"stat.mineBlock.minecraft.sand":433,"stat.drop.minecraft.wheat_seeds":1,"stat.killEntity.techguns.ZombieFarmer":2,"stat.pickup.quark.tallow":7,"stat.pickup.minecraft.redstone":4,"stat.mineBlock.minecraft.iron_ore":9,"stat.timeSinceDeath":83670,"stat.craftItem.minecraft.acacia_door":3,"stat.pickup.minecraft.mutton":1,"stat.pickup.harvestcraft.onionitem":5,"stat.useItem.minecraft.potato":6,"stat.useItem.harvestcraft.cornitem":1,"stat.furnaceInteraction":9,"stat.pickup.minecraft.diamond_shovel":1,"stat.pickup.harvestcraft.cornitem":2,"stat.craftItem.quark.sandstone_new":80,"stat.mineBlock.minecraft.coal_ore":11,"stat.pickup.techguns.t1_combat_helmet":1,"stat.pickup.minecraft.beef":3,"stat.mineBlock.torchmaster.feral_flare_lantern":2,"stat.pickup.spartanshields.shield_basic_diamond":1,"stat.pickup.tombstone.crafting_ingredient":5,"stat.craftItem.minecraft.stone_slab2":0,"stat.mineBlock.harvestcraft.windygarden":13,"stat.pickup.nocubessrparmory.pestilentarmorlegs":1,"stat.useItem.harvestcraft.cucumberitem":1,"stat.sprintOneCm":106795,"stat.useItem.minecraft.diamond_shovel":601,"stat.useItem.minecraft.fence":15,"stat.useItem.minecraft.stone_stairs":29,"stat.craftItem.minecraft.stick":20,"stat.mineBlock.minecraft.fence":20,"stat.pickup.harvestcraft.barleyitem":7,"stat.useItem.minecraft.wheat_seeds":27,"stat.pickup.fossil.relic_scrap":1,"stat.useItem.minecraft.diamond_pickaxe":125,"stat.useItem.minecraft.carrot":1,"stat.pickup.securitycraft.universal_block_reinforcer_lvl2":1,"stat.pickup.harvestcraft.mustardseedsitem":5,"stat.pickup.harvestcraft.pomegranateitem":4,"stat.deaths":4,"stat.drop":3,"stat.pickup.minecraft.egg":1,"stat.pickup.harvestcraft.flaxitem":6,"stat.playOneMinute":98685,"stat.killEntity.Sheep":2,"stat.pickup.techguns.t1_miner_helmet":1,"stat.killEntity.Zombie":1,"stat.craftItem.securitycraft.universal_block_remover":1,"stat.mineBlock.minecraft.tallgrass":180,"stat.diveOneCm":47388,"stat.pickup.minecraft.wheat":4,"stat.craftItem.minecraft.sandstone":149,"stat.chestOpened":3,"stat.useItem.minecraft.acacia_fence_gate":1,"stat.craftItem.minecraft.cooked_porkchop":8,"stat.useItem.minecraft.diamond_axe":97,"stat.mineBlock.minecraft.ice":6,"stat.pickup.harvestcraft.chilipepperitem":1,"stat.pickup.minecraft.diamond_sword":1,"stat.craftItem.minecraft.iron_hoe":1,"stat.jump":1213,"stat.useItem.minecraft.sand":1,"stat.pickup.minecraft.fence":19,"stat.pickup.minecraft.coal":12,"stat.fallOneCm":19472,"stat.pickup.minecraft.iron_ingot":36,"stat.mineBlock.fossil.fossil":2,"stat.pickup.minecraft.carrot":3,"stat.useItem.securitycraft.reinforced_stairs_cobblestone":5,"stat.pickup.minecraft.gunpowder":4,"stat.crouchOneCm":56339,"stat.craftItem.minecraft.torch":20,"stat.useItem.harvestcraft.bellpepperitem":6,"stat.pickup.minecraft.dirt":177,"stat.pickup.harvestcraft.bellpepperitem":15,"stat.pickup.cgm.assault_rifle":1,"stat.useItem.minecraft.iron_hoe":134,"stat.useItem.minecraft.cooked_chicken":2,"stat.craftingTableInteraction":23,"stat.pickup.minecraft.iron_ore":9,"stat.useItem.minecraft.sapling":62,"stat.pickup.nocubessrparmory.pestilentarmorhelmet":1,"stat.mineBlock.minecraft.log2":62,"stat.damageTaken":1437,"stat.pickup.minecraft.feather":1,"stat.pickup.minecraft.leather":1,"stat.useItem.harvestcraft.flaxitem":4,"stat.killEntity.techguns.ZombieMiner":9,"stat.mineBlock.minecraft.torch":9,"stat.useItem.minecraft.acacia_door":2,"stat.pickup.srparasites.assimilated_flesh":1,"stat.pickup.minecraft.log2":58,"stat.useItem.harvestcraft.mustardseedsitem":1,"stat.pickup.minecraft.planks":128,"stat.pickup.minecraft.bed":2,"tombstone:undead_killed":13,"stat.pickup.minecraft.wheat_seeds":34,"stat.pickup.minecraft.potato":9,"stat.pickup.harvestcraft.oliveitem":2,"stat.pickup.minecraft.diamond_axe":1,"stat.damageDealt":3562,"stat.drop.quark.sandstone_new":40,"stat.killEntity.Cow":1,"stat.mineBlock.minecraft.dirt":181,"stat.killEntity.Pig":4,"stat.entityKilledBy.if_cockatrice":2,"stat.pickup.harvestcraft.elderberryitem":7,"stat.useItem.harvestcraft.onionitem":3,"stat.pickup.techguns.itemshared":4,"stat.walkOneCm":484305,"stat.useItem.minecraft.torch":24,"stat.useItem.quark.custom_chest":3,"stat.animalsBred":2,"stat.pickup.minecraft.diamond_pickaxe":1,"stat.craftItem.quark.custom_chest":4,"stat.craftItem.minecraft.stone_stairs":32,"stat.pickup.techguns.t1_miner_boots":1,"stat.useItem.minecraft.cobblestone":45,"stat.craftItem.minecraft.crafting_table":3,"stat.mineBlock.minecraft.double_plant":4,"stat.pickup.techguns.thompson":1,"stat.useItem.torchmaster.feral_flare_lantern":4,"stat.pickup.minecraft.log":360,"stat.pickup.minecraft.iron_pickaxe":2,"stat.useItem.tombstone.gift":1,"stat.pickup.usefulbackpacks.backpack":1,"stat.pickup.minecraft.chicken":2,"stat.pickup.minecraft.baked_potato":128,"stat.pickup.nocubessrparmory.pestilentarmorboots":1,"stat.pickup.minecraft.sapling":296,"stat.pickup.minecraft.apple":5,"stat.pickup.minecraft.gold_ingot":16,"stat.pickup.harvestcraft.parsnipitem":11,"stat.pickup.harvestcraft.amaranthitem":10,"stat.craftItem.minecraft.bucket":1,"stat.craftItem.minecraft.planks":164,"stat.useItem.harvestcraft.parsnipitem":3,"stat.pickup.harvestcraft.cucumberitem":6,"stat.pickup.harvestcraft.strawberryitem":7,"stat.useItem.securitycraft.universal_block_remover":6,"stat.pickup.minecraft.bread":1,"stat.useItem.hammerx.item.hammer":46,"stat.useItem.quark.sandstone_new":11,"stat.mobKills":28,"stat.mineBlock.minecraft.log":269,"stat.craftItem.minecraft.shears":2,"stat.craftItem.minecraft.cooked_chicken":2,"stat.useItem.carryon.entity_item":8,"stat.pickup.minecraft.diamond":10,"stat.useItem.harvestcraft.elderberryitem":1,"stat.mineBlock.minecraft.leaves":24,"stat.pickup.minecraft.torch":8,"stat.sneakTime":7882,"stat.pickup.minecraft.wool":5,"stat.pickup.minecraft.yellow_flower":1,"stat.mineBlock.minecraft.stone":468,"stat.useItem.minecraft.sandstone":24}