{"stat.drop.minecraft.waterlily":10,"stat.leaveGame":6,"stat.useItem.minecraft.bookshelf":1,"stat.entityKilledBy.techguns.ZombieMiner":1,"stat.entityKilledBy.fossil.tarslime":1,"stat.killEntity.futuremc:cod":1,"stat.craftItem.harvestcraft.calamaricookeditem":10,"stat.pickup.firstaid.bandage":34,"stat.pickup.minecraft.porkchop":18,"stat.pickup.harvestcraft.calamarirawitem":10,"stat.useItem.minecraft.water_bucket":5,"stat.pickup.minecraft.sand":75,"stat.craftItem.nocubessrparmory.twistedarmorboots":1,"stat.pickup.minecraft.brick_block":2,"stat.mineBlock.nocubessrpnests.nestegg":2,"stat.craftItem.spartanshields.shield_basic_diamond":1,"stat.pickup.harvestcraft.wintersquashitem":1,"stat.pickup.minecraft.leather_boots":1,"stat.mineBlock.fossil.iced_stone":2,"stat.craftItem.minecraft.iron_shovel":1,"stat.entityKilledBy.firedragon":1,"stat.pickup.minecraft.brown_mushroom":2,"stat.mineBlock.minecraft.sand":75,"stat.killEntity.techguns.ZombieFarmer":3,"stat.pickup.quark.tallow":18,"stat.craftItem.spartanshields.shield_basic_wood":1,"stat.useItem.minecraft.iron_pickaxe":502,"stat.craftItem.minecraft.wooden_pickaxe":1,"stat.useItem.minecraft.iron_shovel":256,"stat.mineBlock.minecraft.brick_block":6,"stat.craftItem.minecraft.bed":1,"stat.pickup.fossil.volcanic_rock":9,"stat.pickup.techguns.basicore":6,"stat.furnaceInteraction":75,"stat.craftItem.spartanweaponry.material":1,"stat.pickup.harvestcraft.cornitem":1,"stat.pickup.srparasites.lurecomponent1":2,"stat.craftItem.hammerx.item.hammer":1,"stat.pickup.minecraft.beef":17,"stat.pickup.minecraft.furnace":2,"stat.useItem.minecraft.cooked_mutton":10,"stat.mineBlock.harvestcraft.windygarden":7,"stat.pickup.minecraft.hay_block":12,"stat.pickup.minecraft.leather_helmet":2,"stat.pickup.minecraft.iron_chestplate":1,"stat.pickup.tombstone.magic_scroll":1,"stat.pickup.mca.rose_gold_ore":2,"stat.useItem.minecraft.dark_oak_door":5,"stat.useItem.minecraft.flint_and_steel":1,"stat.useItem.minecraft.wheat_seeds":14,"stat.deaths":7,"stat.drop.spartanweaponry.hammer_stone":1,"stat.playOneMinute":193681,"stat.craftItem.minecraft.iron_pickaxe":2,"stat.craftItem.minecraft.diamond_block":4,"stat.useItem.overlast.dumpling":7,"stat.pickup.minecraft.item_frame":2,"stat.drop.minecraft.iron_ingot":13,"stat.mineBlock.minecraft.tallgrass":27,"stat.craftItem.minecraft.cooked_mutton":19,"stat.pickup.minecraft.cooked_mutton":1,"stat.chestOpened":25,"stat.pickup.minecraft.waterlily":12,"stat.mineBlock.minecraft.ice":11,"stat.pickup.harvestcraft.chilipepperitem":1,"stat.fallOneCm":30866,"stat.pickup.minecraft.carrot":16,"stat.crouchOneCm":28457,"stat.craftItem.minecraft.diamond":9,"stat.craftItem.minecraft.iron_ingot":43,"stat.craftingTableInteraction":43,"stat.pickup.iceandfire.silver_ore":5,"stat.drop.quark.tallow":7,"stat.mineBlock.minecraft.log2":47,"stat.killEntity.techguns.ZombieMiner":6,"stat.useItem.minecraft.furnace":5,"stat.craftItem.mca.rose_gold_ingot":1,"stat.pickup.minecraft.dye":14,"stat.craftItem.minecraft.diamond_shovel":1,"stat.pickup.minecraft.wheat_seeds":100,"stat.pickup.techguns.t1_miner_chestplate":1,"stat.mineBlock.minecraft.gravel":10,"stat.useItem.minecraft.stone_pickaxe":132,"stat.useItem.minecraft.stone_sword":82,"stat.mineBlock.fossil.volcanic_rock":10,"stat.mineBlock.minecraft.dirt":415,"stat.pickup.minecraft.poisonous_potato":2,"stat.useItem.minecraft.torch":57,"stat.mineBlock.iceandfire.silver_ore":5,"stat.pickup.minecraft.crafting_table":3,"stat.useItem.minecraft.cobblestone":65,"stat.mineBlock.techguns.basicore":6,"stat.craftItem.minecraft.crafting_table":7,"stat.useItem.minecraft.gravel":4,"stat.mineBlock.minecraft.double_plant":1,"stat.pickup.minecraft.log":14,"stat.pickup.fossil.analyzer":1,"stat.pickup.usefulbackpacks.backpack":1,"stat.craftItem.usefulbackpacks.backpack":2,"stat.drop.minecraft.sapling":4,"stat.craftItem.quark.custom_bookshelf":4,"stat.pickup.minecraft.sapling":13,"stat.pickup.minecraft.apple":3,"stat.mineBlock.overlast.red_leaves":2,"stat.pickup.minecraft.beetroot":11,"stat.pickup.harvestcraft.parsnipitem":1,"stat.craftItem.minecraft.bucket":1,"stat.craftItem.minecraft.planks":216,"stat.pickup.minecraft.book":16,"stat.mineBlock.minecraft.log":20,"stat.mineBlock.minecraft.waterlily":1,"stat.useItem.minecraft.stone_hoe":233,"stat.pickup.minecraft.red_flower":17,"stat.sneakTime":8849,"stat.pickup.minecraft.wool":13,"stat.drop.firstaid.bandage":2,"stat.useItem.minecraft.baked_potato":10,"stat.useItem.minecraft.wooden_axe":3,"stat.pickup.minecraft.yellow_flower":1,"stat.mineBlock.fossil.analyzer":1,"stat.craftItem.minecraft.enchanting_table":1,"stat.craftItem.minecraft.diamond_chestplate":1,"stat.pickup.minecraft.bone":4,"stat.craftItem.minecraft.diamond_leggings":1,"stat.pickup.fossil.biofossil":2,"stat.mineBlock.minecraft.cobblestone":8,"stat.pickup.minecraft.flint":1,"stat.pickup.minecraft.flower_pot":1,"stat.useItem.minecraft.diamond_sword":41,"stat.craftItem.minecraft.diamond_helmet":1,"stat.swimOneCm":39048,"stat.pickup.quark.glass_shards":2,"stat.climbOneCm":2575,"stat.pickup.harvestcraft.artichokeitem":1,"stat.pickup.minecraft.cooked_porkchop":3,"stat.killEntity.techguns.ZombieSoldier":2,"stat.drop.minecraft.brown_mushroom":2,"stat.useItem.minecraft.obsidian":11,"stat.useItem.minecraft.dirt":272,"stat.useItem.minecraft.stone_slab2":56,"stat.craftItem.minecraft.dark_oak_door":6,"stat.craftItem.minecraft.furnace":6,"stat.pickup.fossil.worktable":1,"stat.craftItem.minecraft.iron_boots":1,"stat.craftItem.minecraft.stone_pickaxe":1,"stat.craftItem.minecraft.cooked_beef":4,"stat.mineBlock.minecraft.obsidian":1,"stat.pickup.minecraft.cobblestone":1444,"stat.flyOneCm":654828,"stat.mineBlock.quark.custom_chest":2,"stat.pickup.minecraft.fish":1,"stat.drop.minecraft.wheat_seeds":1,"stat.useItem.minecraft.cooked_beef":4,"stat.pickup.minecraft.redstone":41,"stat.mineBlock.minecraft.iron_ore":53,"stat.timeSinceDeath":3753,"stat.drop.minecraft.log":1,"stat.pickup.fossil.plant_fossil":1,"stat.pickup.minecraft.mutton":22,"stat.craftItem.minecraft.iron_block":1,"stat.useItem.minecraft.potato":38,"stat.pickup.minecraft.dark_oak_door":1,"stat.drop.minecraft.dirt":1,"stat.useItem.minecraft.cooked_porkchop":6,"stat.mineBlock.minecraft.coal_ore":136,"stat.talkedToVillager":1,"stat.craftItem.minecraft.stone_hoe":2,"stat.pickup.minecraft.string":1,"stat.craftItem.minecraft.stone_slab2":0,"stat.killEntity.Squid":7,"stat.useItem.spartanweaponry.hammer_stone":3,"stat.sprintOneCm":268223,"stat.useItem.minecraft.diamond_shovel":167,"stat.craftItem.minecraft.stick":56,"stat.drop.minecraft.stone_hoe":1,"stat.craftItem.minecraft.stone":4,"stat.mineBlock.minecraft.diamond_ore":71,"stat.pickup.harvestcraft.barleyitem":3,"stat.pickup.nocubessrpnests.organicsample":2,"stat.mineBlock.minecraft.crafting_table":3,"stat.pickup.fossil.relic_scrap":3,"stat.useItem.minecraft.diamond_pickaxe":326,"stat.pickup.overlast.dumpling":32,"stat.pickup.harvestcraft.mustardseedsitem":1,"stat.drop":35,"stat.pickup.harvestcraft.flaxitem":1,"stat.killEntity.Sheep":13,"stat.craftItem.minecraft.diamond_pickaxe":1,"stat.pickup.minecraft.snowball":7,"stat.craftItem.minecraft.diamond_axe":1,"stat.mineBlock.minecraft.gold_ore":9,"stat.diveOneCm":36576,"stat.pickup.minecraft.wheat":30,"stat.pickup.fossil.stone_tablet":1,"stat.drop.harvestcraft.cornitem":1,"stat.pickup.minecraft.gravel":9,"stat.craftItem.minecraft.cooked_porkchop":3,"stat.useItem.minecraft.diamond_axe":7,"stat.useItem.minecraft.apple":3,"stat.pickup.minecraft.obsidian":1,"stat.craftItem.minecraft.diamond_sword":1,"stat.jump":2142,"stat.useItem.minecraft.sand":7,"stat.pickup.minecraft.coal":132,"stat.pickup.minecraft.iron_ingot":1,"stat.mineBlock.fossil.fossil":10,"stat.useItem.minecraft.stone_axe":23,"stat.pickup.minecraft.gunpowder":6,"stat.pickup.harvestcraft.peanutitem":1,"stat.craftItem.minecraft.torch":116,"stat.pickup.minecraft.dirt":420,"stat.craftItem.nocubessrparmory.twistedpart":4,"stat.pickup.minecraft.iron_ore":53,"stat.useItem.minecraft.glass":64,"stat.mineBlock.mca.rose_gold_ore":1,"stat.mineBlock.fossil.sifter":1,"stat.pickup.minecraft.gold_ore":9,"stat.craftItem.minecraft.flint_and_steel":1,"stat.pickup.quark.custom_chest":2,"stat.mineBlock.minecraft.glass_pane":1,"stat.damageTaken":2685,"stat.pickup.minecraft.leather":10,"stat.mineBlock.minecraft.furnace":2,"stat.mineBlock.minecraft.torch":11,"stat.useItem.minecraft.wooden_pickaxe":7,"stat.pickup.srparasites.assimilated_flesh":1,"stat.pickup.minecraft.log2":41,"stat.craftItem.spartanweaponry.hammer_stone":1,"stat.pickup.minecraft.bed":1,"tombstone:undead_killed":11,"stat.pickup.fossil.sifter":1,"stat.pickup.minecraft.potato":53,"stat.damageDealt":5910,"stat.craftItem.minecraft.glass":66,"stat.sleepInBed":6,"stat.craftItem.minecraft.baked_potato":10,"stat.killEntity.Cow":8,"stat.killEntity.Pig":9,"stat.pickup.harvestcraft.elderberryitem":2,"stat.pickup.techguns.itemshared":2,"stat.walkOneCm":588009,"stat.useItem.quark.custom_chest":12,"stat.drop.minecraft.wheat":4,"stat.pickup.minecraft.diamond_pickaxe":1,"stat.craftItem.quark.custom_chest":8,"stat.pickup.techguns.t1_miner_boots":1,"stat.drop.techguns.t1_miner_chestplate":1,"stat.drop.techguns.t1_miner_boots":1,"stat.useItem.fossil.figurine":1,"stat.useItem.tombstone.gift":2,"stat.drop.minecraft.iron_chestplate":1,"stat.craftItem.minecraft.iron_chestplate":1,"stat.useItem.quark.custom_bookshelf":3,"stat.pickup.minecraft.ladder":1,"stat.craftItem.minecraft.bookshelf":2,"stat.pickup.harvestcraft.amaranthitem":1,"stat.mineBlock.minecraft.stonebrick":5,"stat.pickup.harvestcraft.cucumberitem":1,"stat.pickup.harvestcraft.strawberryitem":1,"stat.useItem.hammerx.item.hammer":107,"stat.mobKills":64,"stat.mineBlock.minecraft.bookshelf":5,"stat.mineBlock.fossil.worktable":1,"stat.pickup.minecraft.diamond":71,"stat.pickup.minecraft.beetroot_seeds":34,"stat.pickup.minecraft.torch":13,"stat.mineBlock.minecraft.redstone_ore":8,"stat.mineBlock.minecraft.hay_block":12,"stat.mineBlock.minecraft.stone":1465}