{"stat.craftItem.iceandfire.armor_bronze_chestplate":1,"stat.pickup.iceandfire.fire_dragon_flesh":7,"stat.mineBlock.iceandfire.chared_grass":2,"stat.leaveGame":15,"stat.useItem.harvestcraft.amaranthitem":14,"stat.mineBlock.quark.sandstone_new":11,"stat.pickup.quark.limestone":29,"stat.pickup.tombstone.familiar_stone":2,"stat.mineBlock.minecraft.sandstone":73,"stat.killEntity.PigZombie":4,"stat.mineBlock.minecraft.stained_glass":1,"stat.pickup.firstaid.bandage":48,"stat.pickup.harvestcraft.calamarirawitem":1,"stat.pickup.minecraft.rotten_flesh":34,"stat.pickup.torchmaster.feral_flare_lantern":16,"stat.pickup.iceandfire.witherbone":3,"stat.pickup.minecraft.leather_boots":4,"stat.killEntity.if_cockatrice":1,"stat.entityKilledBy.techguns.ZombieSoldier":1,"stat.mineBlock.techguns.concrete":1,"stat.pickup.quark.tallow":14,"stat.pickup.minecraft.stained_hardened_clay":65,"stat.craftItem.minecraft.glass_pane":16,"stat.useItem.minecraft.hardened_clay":1,"stat.pickup.harvestcraft.onionitem":16,"stat.mineBlock.minecraft.hopper":1,"stat.pickup.fossil.volcanic_rock":3,"stat.pickup.techguns.basicore":77,"stat.pickup.fossil.bone_unique_item":1,"stat.furnaceInteraction":213,"stat.useItem.minecraft.nether_wart":10,"stat.drop.minecraft.gravel":1,"stat.pickup.harvestcraft.cornitem":10,"stat.pickup.minecraft.nether_brick":34,"stat.mineBlock.techguns.metalpanel":3,"stat.pickup.iceandfire.manuscript":2,"stat.pickup.minecraft.beef":24,"stat.mineBlock.torchmaster.feral_flare_lantern":6,"stat.pickup.spartanshields.shield_basic_diamond":1,"stat.pickup.minecraft.hay_block":3,"stat.pickup.nocubessrparmory.pestilentarmorlegs":1,"stat.pickup.minecraft.leather_helmet":1,"stat.pickup.minecraft.cauldron":1,"stat.mineBlock.minecraft.stained_hardened_clay":65,"stat.craftItem.futuremc.dye":4,"stat.useItem.minecraft.fence":20,"stat.pickup.cgm.workbench":1,"stat.mineBlock.minecraft.fence":27,"stat.entityKilledBy.quark:pirate":1,"stat.useItem.minecraft.flint_and_steel":2,"stat.useItem.minecraft.wheat_seeds":46,"stat.useItem.minecraft.dye":8,"stat.pickup.securitycraft.universal_block_reinforcer_lvl2":1,"stat.deaths":24,"stat.craftItem.futuremc.blast_furnace":2,"stat.pickup.mowziesmobs.barakoa_mask_fury":1,"stat.pickup.minecraft.egg":3,"stat.pickup.techguns.t1_miner_helmet":1,"stat.mineBlock.minecraft.tallgrass":191,"stat.chestOpened":447,"stat.drop.quark.custom_chest":6,"stat.useItem.minecraft.stone":24,"stat.pickup.minecraft.arrow":31,"stat.pickup.minecraft.iron_sword":1,"stat.useItem.minecraft.acacia_fence_gate":1,"stat.pickup.techguns.t1_combat_leggings":1,"stat.craftItem.nocubessrparmory.pestilentscythe":1,"stat.pickup.minecraft.acacia_fence_gate":3,"stat.pickup.minecraft.gold_nugget":9,"stat.pickup.harvestcraft.chilipepperitem":4,"stat.pickup.minecraft.carrot":51,"stat.useItem.securitycraft.reinforced_stairs_cobblestone":5,"stat.crouchOneCm":106595,"stat.mineBlock.minecraft.chest":3,"stat.craftItem.minecraft.iron_ingot":189,"stat.pickup.cgm.assault_rifle":1,"stat.craftingTableInteraction":129,"stat.pickup.iceandfire.silver_ore":5,"stat.drop.quark.tallow":5,"stat.mineBlock.minecraft.log2":62,"stat.pickup.minecraft.dye":78,"stat.pickup.minecraft.planks":134,"stat.useItem.iceandfire.dragonbone_sword_fire":224,"stat.pickup.minecraft.wheat_seeds":161,"stat.pickup.techguns.t1_miner_chestplate":1,"stat.killEntity.techguns.ZombiePigmanSoldier":4,"stat.mineBlock.fossil.volcanic_rock":6,"stat.mineBlock.minecraft.dirt":289,"stat.pickup.minecraft.poisonous_potato":1,"stat.mineBlock.iceandfire.silver_ore":5,"stat.useItem.minecraft.cobblestone":727,"stat.useItem.minecraft.gravel":4,"stat.mineBlock.minecraft.double_plant":4,"stat.craftItem.firstaid.bandage":5,"stat.useItem.torchmaster.feral_flare_lantern":8,"stat.pickup.securitycraft.reinforced_stone":726,"stat.pickup.minecraft.iron_pickaxe":3,"stat.craftItem.nocubessrparmory.rawcarbonsteel":6,"stat.craftItem.minecraft.gold_ingot":1,"stat.drop.minecraft.sapling":1,"stat.pickup.minecraft.hopper":1,"stat.pickup.minecraft.chicken":2,"stat.drop.minecraft.gold_nugget":3,"stat.craftItem.quark.custom_bookshelf":3,"stat.pickup.minecraft.tipped_arrow":1,"stat.pickup.minecraft.apple":26,"stat.drop.minecraft.fish":2,"stat.craftItem.minecraft.bucket":1,"stat.craftItem.minecraft.planks":1400,"stat.pickup.securitycraft.reinforced_stairs_spruce":4,"stat.useItem.securitycraft.universal_block_remover":563,"stat.useItem.quark.sandstone_new":11,"stat.useItem.minecraft.stonebrick":9,"stat.pickup.minecraft.book":55,"stat.mineBlock.minecraft.log":362,"stat.useItem.carryon.entity_item":8,"stat.pickup.charm.bat_bucket":1,"stat.drop.harvestcraft.flaxitem":2,"stat.pickup.iceandfire.dragonbone":23,"stat.useItem.harvestcraft.elderberryitem":1,"stat.craftItem.nocubessrparmory.twistedbow":1,"stat.pickup.minecraft.wool":20,"stat.mineBlock.fossil.analyzer":1,"stat.craftItem.iceandfire.armor_bronze_boots":2,"stat.cakeSlicesEaten":1,"stat.pickup.fossil.biofossil":9,"stat.mineBlock.minecraft.cobblestone":103,"stat.pickup.minecraft.flint":3,"stat.mineBlock.iceandfire.chared_stone":2,"stat.craftItem.iceandfire.dragonbone_sword_fire":1,"stat.pickup.minecraft.leather_chestplate":2,"stat.mineBlock.srparasites.gore":12,"stat.mineBlock.minecraft.concrete":3,"stat.useItem.minecraft.concrete_powder":3,"stat.pickup.minecraft.enchanted_book":1,"stat.drop.minecraft.cobblestone":2,"stat.pickup.minecraft.cooked_porkchop":3,"stat.killEntity.techguns.ZombieSoldier":6,"stat.useItem.minecraft.obsidian":11,"stat.useItem.tombstone.tablet_of_recall":1,"stat.useItem.minecraft.stone_slab2":194,"stat.pickup.minecraft.bow":3,"stat.craftItem.minecraft.furnace":20,"stat.pickup.minecraft.golden_axe":1,"stat.pickup.securitycraft.reinforced_stairs_cobblestone":6,"stat.useItem.minecraft.egg":3,"stat.pickup.quark.sandstone_new":11,"stat.craftItem.futuremc.smooth_stone":9,"stat.mineBlock.minecraft.obsidian":16,"stat.pickup.quark.black_ash":2,"stat.craftItem.securitycraft.reinforced_stone_brick":280,"stat.mineBlock.minecraft.clay":444,"stat.flyOneCm":1246429,"stat.pickup.minecraft.sandstone":75,"stat.pickup.minecraft.nether_brick_stairs":1,"stat.useItem.iceandfire.chared_stone":1,"stat.pickup.minecraft.fish":5,"stat.timeSinceDeath":33019,"stat.useItem.minecraft.wooden_slab":5,"stat.craftItem.minecraft.iron_block":7,"stat.craftItem.minecraft.stonebrick":16,"stat.useItem.minecraft.potato":13,"stat.pickup.cgm.basic_ammo":704,"stat.pickup.minecraft.nether_wart":19,"stat.craftItem.minecraft.concrete_powder":8,"stat.craftItem.quark.sandstone_new":80,"stat.mineBlock.minecraft.coal_ore":325,"stat.drop.securitycraft.reinforced_stairs_stone":1,"stat.killEntity.Creeper":2,"stat.pickup.minecraft.shield":4,"stat.talkedToVillager":1,"stat.pickup.minecraft.wooden_sword":1,"stat.pickup.minecraft.string":21,"stat.pickup.tombstone.crafting_ingredient":18,"stat.entityKilledBy.Skeleton":1,"stat.killEntity.Squid":2,"stat.sprintOneCm":885944,"stat.useItem.minecraft.diamond_shovel":1334,"stat.mineBlock.minecraft.diamond_ore":38,"stat.pickup.fossil.relic_scrap":10,"stat.pickup.minecraft.leather_leggings":1,"stat.pickup.overlast.dumpling":10,"stat.pickup.harvestcraft.mustardseedsitem":11,"stat.pickup.harvestcraft.flaxitem":16,"stat.killEntity.Zombie":25,"stat.craftItem.minecraft.dye":66,"stat.mineBlock.minecraft.gold_ore":28,"stat.diveOneCm":414293,"stat.pickup.minecraft.wheat":130,"stat.craftItem.minecraft.sandstone":153,"stat.mineBlock.minecraft.mossy_cobblestone":1,"stat.pickup.iceandfire.dragonscales_bronze":59,"stat.pickup.techguns.t2_combat_chestplate":1,"stat.craftItem.minecraft.cooked_porkchop":8,"stat.craftItem.tombstone.decorative_grave_simple":1,"stat.pickup.minecraft.obsidian":15,"stat.jump":5541,"stat.useItem.minecraft.sand":12,"stat.pickup.minecraft.coal":354,"stat.pickup.minecraft.iron_ingot":38,"stat.mineBlock.fossil.fossil":69,"stat.pickup.minecraft.gunpowder":28,"stat.pickup.iceandfire.chared_stone":2,"stat.pickup.cgm.chain_gun":1,"stat.craftItem.minecraft.torch":136,"stat.pickup.minecraft.dirt":313,"stat.craftItem.iceandfire.armor_bronze_leggings":1,"stat.useItem.minecraft.glass":28,"stat.pickup.iceandfire.fire_dragon_heart":2,"stat.useItem.minecraft.sapling":62,"stat.pickup.minecraft.gold_ore":28,"stat.mineBlock.minecraft.lapis_ore":15,"stat.damageTaken":7963,"stat.mineBlock.minecraft.torch":24,"stat.useItem.minecraft.acacia_door":4,"stat.pickup.srparasites.assimilated_flesh":23,"stat.useItem.securitycraft.reinforced_stone":422,"stat.pickup.minecraft.log2":58,"stat.craftItem.minecraft.glowstone":1,"stat.craftItem.cgm.workbench":1,"stat.pickup.techguns.concrete":1,"stat.pickup.minecraft.bed":4,"stat.pickup.minecraft.concrete":3,"stat.pickup.techguns.metalpanel":3,"stat.pickup.minecraft.quartz_block":1,"stat.pickup.fossil.sifter":2,"stat.pickup.minecraft.potato":70,"stat.pickup.minecraft.diamond_axe":2,"stat.pickup.minecraft.rabbit_hide":1,"stat.pickup.iceandfire.chared_grass":4,"stat.craftItem.quark.spruce_trapdoor":48,"stat.pickup.harvestcraft.lettuceitem":3,"stat.entityKilledBy.if_cockatrice":2,"stat.useItem.harvestcraft.onionitem":3,"stat.craftItem.minecraft.stone_slab":12,"stat.pickup.techguns.itemshared":12,"stat.useItem.futuremc.blast_furnace":1,"stat.animalsBred":11,"stat.useItem.minecraft.chest":73,"stat.pickup.minecraft.diamond_pickaxe":1,"stat.craftItem.harvestcraft.flouritem":65,"stat.pickup.nocubessrparmory.overlordcore":6,"stat.pickup.techguns.thompson":2,"stat.craftItem.minecraft.wheat":27,"stat.useItem.securitycraft.reinforced_stone_brick":275,"stat.useItem.tombstone.gift":3,"stat.killEntity.quark:pirate":12,"stat.pickup.minecraft.baked_potato":128,"stat.useItem.minecraft.stained_hardened_clay":402,"stat.useItem.quark.custom_bookshelf":1,"stat.useItem.minecraft.netherrack":47,"stat.useItem.iceandfire.chared_grass":1,"stat.killEntity.Stray":1,"stat.craftItem.minecraft.bookshelf":12,"stat.craftItem.techguns.itemshared":2,"stat.mineBlock.minecraft.stonebrick":2,"stat.useItem.harvestcraft.parsnipitem":3,"stat.killEntity.techguns.AlienBug":1,"stat.pickup.harvestcraft.cucumberitem":14,"stat.pickup.harvestcraft.strawberryitem":15,"stat.useItem.hammerx.item.hammer":717,"stat.mineBlock.waystones.waystone":1,"stat.mineBlock.minecraft.glowstone":24,"stat.mobKills":298,"stat.mineBlock.minecraft.bookshelf":8,"stat.craftItem.minecraft.shears":3,"stat.pickup.fossil.broken_sword":3,"stat.pickup.fossil.skull_block":3,"stat.pickup.quark.spruce_trapdoor":1,"stat.pickup.minecraft.diamond":48,"stat.pickup.minecraft.torch":27,"stat.craftItem.minecraft.spruce_stairs":80,"stat.killEntity.firedragon":2,"stat.useItem.minecraft.bookshelf":10,"stat.entityKilledBy.techguns.ZombieMiner":1,"stat.useItem.minecraft.soul_sand":11,"stat.killEntity.Blaze":2,"stat.useItem.minecraft.planks":13,"stat.useItem.tombstone.familiar_stone":1,"stat.craftItem.iceandfire.armor_bronze_helmet":2,"stat.pickup.minecraft.glowstone_dust":72,"stat.mineBlock.minecraft.acacia_fence_gate":3,"stat.useItem.minecraft.fire_charge":3,"stat.pickup.minecraft.porkchop":15,"stat.useItem.minecraft.water_bucket":19,"stat.craftItem.securitycraft.reinforced_stairs_stone":8,"stat.pickup.minecraft.sand":606,"stat.pickup.minecraft.hardened_clay":32,"stat.pickup.hammerx.item.hammer":1,"stat.pickup.harvestcraft.wintersquashitem":3,"stat.mineBlock.fossil.iced_stone":3,"stat.entityKilledBy.firedragon":3,"stat.mineBlock.minecraft.sand":593,"stat.pickup.securitycraft.reinforced_cobblestone":41,"stat.pickup.iceandfire.ash":1,"stat.killEntity.techguns.ZombieFarmer":14,"stat.hopperInspected":1,"stat.useItem.securitycraft.reinforced_cobblestone":4,"stat.craftItem.minecraft.hardened_clay":399,"stat.trappedChestTriggered":4,"stat.craftItem.tombstone.crafting_ingredient":1,"stat.pickup.iceandfire.dragon_skull":3,"stat.pickup.srparasites.lurecomponent2":3,"stat.pickup.srparasites.lurecomponent1":6,"stat.mineBlock.harvestcraft.windygarden":24,"stat.mineBlock.cgm.workbench":1,"tombstone:consume_soul":1,"stat.useItem.minecraft.stone_stairs":29,"stat.pickup.minecraft.skull":2,"stat.pickup.tombstone.magic_scroll":5,"stat.killEntity.techguns.CyberDemon":3,"stat.mineBlock.iceandfire.ash":1,"stat.mineBlock.minecraft.soul_sand":13,"stat.drop.quark.root_flower":1,"stat.pickup.harvestcraft.pomegranateitem":4,"stat.playOneMinute":633881,"stat.pickup.minecraft.blaze_rod":1,"stat.useItem.overlast.dumpling":10,"stat.pickup.minecraft.iron_bars":18,"stat.pickup.minecraft.dispenser":1,"stat.pickup.minecraft.netherrack":51,"stat.craftItem.futuremc.smoker":1,"stat.useItem.securitycraft.reinforced_sandstone":6,"stat.mineBlock.minecraft.netherrack":51,"stat.mineBlock.minecraft.dispenser":1,"stat.mineBlock.minecraft.ice":6,"stat.craftItem.iceandfire.dragonbone_sword":1,"stat.craftItem.minecraft.iron_hoe":1,"stat.craftItem.minecraft.iron_nugget":180,"stat.pickup.minecraft.cooked_chicken":1,"stat.fallOneCm":99792,"stat.craftItem.tombstone.dark_marble":10,"stat.craftItem.minecraft.chest":89,"stat.useItem.harvestcraft.bellpepperitem":6,"stat.useItem.minecraft.iron_hoe":134,"stat.dropperInspected":3,"stat.pickup.fossil.bone_ribcage":1,"stat.mineBlock.quark.limestone":39,"stat.killEntity.techguns.Bandit":1,"stat.pickup.minecraft.feather":3,"stat.killEntity.techguns.ZombieMiner":22,"stat.useItem.minecraft.furnace":11,"stat.pickup.harvestcraft.oliveitem":2,"stat.mineBlock.minecraft.gravel":31,"stat.pickup.waystones.waystone":1,"stat.useItem.securitycraft.reinforced_stairs_stone":7,"stat.drop.quark.sandstone_new":40,"stat.useItem.minecraft.wool":1,"stat.useItem.minecraft.iron_bars":4,"stat.mineBlock.minecraft.quartz_stairs":2,"stat.useItem.minecraft.torch":165,"stat.craftItem.harvestcraft.stockitem":162,"stat.craftItem.minecraft.stone_stairs":32,"stat.useItem.minecraft.log":71,"stat.pickup.minecraft.crafting_table":2,"stat.mineBlock.techguns.basicore":76,"stat.craftItem.minecraft.crafting_table":9,"stat.pickup.futuremc.barrel":1,"stat.craftItem.futuremc.barrel":31,"stat.mineBlock.quark.stone_speleothem":2,"stat.pickup.minecraft.log":457,"stat.pickup.fossil.analyzer":1,"stat.pickup.minecraft.compass":1,"stat.pickup.usefulbackpacks.backpack":1,"stat.craftItem.usefulbackpacks.backpack":1,"stat.pickup.nocubessrparmory.pestilentarmorboots":1,"stat.pickup.minecraft.sapling":348,"stat.pickup.minecraft.wooden_door":1,"stat.pickup.harvestcraft.parsnipitem":17,"stat.killEntity.WitherSkeleton":2,"stat.pickup.minecraft.golden_sword":1,"stat.craftItem.minecraft.cooked_chicken":2,"stat.sneakTime":27245,"stat.pickup.minecraft.yellow_flower":1,"stat.pickup.quark.pirate_hat":1,"stat.pickup.minecraft.chest":3,"stat.pickup.securitycraft.reinforced_sand":19,"stat.craftItem.minecraft.enchanting_table":1,"stat.pickup.minecraft.bone":64,"stat.drop.minecraft.mossy_cobblestone":1,"stat.craftItem.minecraft.acacia_fence_gate":3,"stat.useItem.minecraft.diamond_sword":323,"stat.mineBlock.charm.crate_sealed":3,"stat.swimOneCm":123858,"stat.pickup.harvestcraft.artichokeitem":2,"stat.climbOneCm":4791,"stat.mineBlock.minecraft.spruce_stairs":5,"stat.useItem.harvestcraft.strawberryitem":5,"stat.mineBlock.quark.roots":1,"stat.pickup.nocubessrparmory.pestilentarmorbody":1,"stat.useItem.minecraft.dirt":213,"stat.useItem.harvestcraft.barleyitem":5,"stat.mineBlock.futuremc.barrel":1,"stat.pickup.fossil.worktable":1,"stat.useItem.minecraft.iron_ore":1,"stat.pickup.minecraft.cobblestone":4793,"stat.pickup.minecraft.quartz_stairs":1,"stat.drop.minecraft.fence":2,"stat.craftItem.minecraft.glass_bottle":3,"stat.pickup.minecraft.soul_sand":13,"stat.mineBlock.quark.custom_chest":6,"stat.drop.minecraft.wheat_seeds":22,"stat.craftItem.minecraft.wooden_slab":138,"stat.pickup.minecraft.golden_pickaxe":1,"stat.pickup.minecraft.redstone":59,"stat.mineBlock.minecraft.iron_ore":154,"stat.craftItem.minecraft.book":3,"stat.craftItem.minecraft.acacia_door":6,"stat.pickup.fossil.plant_fossil":17,"stat.pickup.minecraft.mutton":11,"stat.pickup.minecraft.mossy_cobblestone":1,"stat.killEntity.techguns.SkeletonSoldier":4,"stat.useItem.harvestcraft.cornitem":1,"stat.drop.minecraft.iron_bars":3,"stat.pickup.minecraft.stonebrick":2,"stat.pickup.minecraft.diamond_shovel":1,"stat.mineBlock.minecraft.nether_brick":34,"stat.pickup.techguns.t1_combat_helmet":2,"stat.craftItem.minecraft.stone_slab2":0,"stat.craftItem.nocubessrparmory.infestedtoolrod":2,"stat.useItem.harvestcraft.cucumberitem":1,"stat.pickup.minecraft.paper":9,"stat.craftItem.minecraft.stick":108,"stat.craftItem.minecraft.stained_hardened_clay":392,"stat.craftItem.minecraft.stone":297,"stat.craftItem.minecraft.armor_stand":8,"stat.pickup.harvestcraft.barleyitem":20,"stat.craftItem.nocubessrparmory.carbonsteel":6,"stat.mineBlock.minecraft.crafting_table":2,"stat.useItem.minecraft.diamond_pickaxe":1029,"stat.mineBlock.minecraft.quartz_block":2,"stat.pickup.cgm.grenade":10,"stat.useItem.minecraft.carrot":8,"stat.mineBlock.minecraft.planks":8,"stat.drop":22,"stat.craftItem.harvestcraft.potitem":1,"stat.killEntity.Sheep":11,"stat.craftItem.securitycraft.universal_block_remover":2,"stat.craftItem.minecraft.clay":399,"stat.craftItem.harvestcraft.gravyitem":65,"stat.craftItem.tombstone.tablet_of_recall":1,"stat.pickup.minecraft.gravel":28,"stat.useItem.minecraft.diamond_axe":207,"stat.useItem.minecraft.potion":4,"stat.pickup.minecraft.diamond_sword":1,"stat.pickup.minecraft.fence":27,"stat.pickup.minecraft.iron_helmet":1,"stat.pickup.harvestcraft.peanutitem":1,"stat.pickup.minecraft.spider_eye":3,"stat.craftItem.nocubessrparmory.twistedpart":4,"stat.pickup.harvestcraft.bellpepperitem":24,"stat.mineBlock.quark.spruce_trapdoor":1,"stat.craftItem.tombstone.decorative_tombstone":1,"stat.useItem.minecraft.cooked_chicken":3,"stat.pickup.minecraft.iron_ore":154,"stat.mineBlock.fossil.sifter":2,"stat.mineBlock.minecraft.iron_bars":15,"stat.craftItem.minecraft.flint_and_steel":1,"stat.pickup.nocubessrparmory.pestilentarmorhelmet":1,"stat.pickup.quark.custom_chest":6,"stat.pickup.minecraft.leather":22,"stat.useItem.harvestcraft.flaxitem":4,"stat.dispenserInspected":14,"stat.useItem.quark.spruce_trapdoor":43,"stat.useItem.harvestcraft.mustardseedsitem":1,"stat.killEntity.CaveSpider":4,"tombstone:undead_killed":112,"stat.damageDealt":28852,"stat.craftItem.minecraft.glass":52,"stat.sleepInBed":14,"stat.craftItem.minecraft.anvil":1,"stat.craftItem.minecraft.baked_potato":23,"stat.mineBlock.minecraft.nether_brick_stairs":1,"stat.killEntity.Cow":13,"stat.useItem.futuremc.barrel":25,"stat.useItem.minecraft.crafting_table":2,"stat.killEntity.Pig":5,"stat.pickup.harvestcraft.elderberryitem":16,"stat.walkOneCm":2572688,"stat.useItem.quark.custom_chest":12,"stat.craftItem.quark.custom_chest":16,"stat.pickup.techguns.t1_miner_boots":3,"stat.pickup.minecraft.clay_ball":1770,"stat.pickup.securitycraft.reinforced_stone_brick":1,"stat.craftItem.harvestcraft.mortarandpestleitem":1,"stat.pickup.quark.root_flower":4,"stat.useItem.minecraft.spruce_stairs":58,"stat.pickup.minecraft.stone":25,"stat.pickup.securitycraft.reinforced_sandstone":13,"stat.pickup.minecraft.gold_ingot":21,"stat.killEntity.Skeleton":15,"stat.pickup.securitycraft.reinforced_clay":1,"stat.pickup.harvestcraft.amaranthitem":82,"stat.killEntity.Spider":5,"stat.pickup.minecraft.bread":9,"stat.craftItem.nocubessrparmory.pestilentpart":28,"stat.pickup.mowziesmobs.barakoa_mask_bliss":2,"stat.mineBlock.fossil.worktable":1,"stat.mineBlock.minecraft.leaves":49,"stat.pickup.minecraft.spruce_stairs":5,"stat.mineBlock.minecraft.redstone_ore":12,"stat.craftItem.minecraft.brick":15,"stat.mineBlock.minecraft.stone":5203,"stat.useItem.minecraft.sandstone":64}